6575,6140,8445,7114,6293,8900,8464,841
4789,6941,2896,7893,6324,8128,9301,8709
9030,4757,8978,2526,9179,5015,1572,2390
3734,5221,9306,4997,4341,4251,7424,671
8075,8511,5367,5407,7418,3383,3734,6029
8665,2508,7397,1972,4852,2419,6836,965
5455,7769,7987,5681,7043,7516,8764,1298
7743,3528,3690,9674,8273,9190,59,6146
1900,1540,1442,8310,403,696,4714,6138
1900,7207,2411,7200,7982,2259,568,9681
3588,55,1850,2796,9559,7472,189,2548
2455,1342,8973,8363,7205,938,3254,7675
4453,4747,8428,6428,981,5307,2685,19
7120,5428,2467,5879,7548,4610,8425,6581
2378,2617,8255,3000,2560,4946,54,7235
2729,5585,5366,5982,3759,6517,9408,3724
5153,3084,8376,6386,2283,9202,6753,6881
6106,8057,1231,6508,3990,1420,5151,4641
4104,8047,8425,2203,4739,9123,7868,409
864,2914,6878,5213,1432,2095,5591,4818
2202,4361,9141,7900,9393,948,9344,5351
1257,2676,969,4423,9536,611,5800,1931
2716,2572,6687,6895,8644,9769,6008,8458
8899,1139,2649,1938,5429,8294,5959,9902
9357,4952,7172,5279,3102,9837,3525,9578
7747,7622,4691,6561,4407,6141,7986,4154
1900,7208,7896,9807,8934,4394,9950,6477
4779,5711,3148,9815,742,6524,1769,1159
1900,542,712,9142,5737,2255,7399,1942
5476,9411,6801,9183,919,6366,1972,6777
2358,7583,3112,4787,3898,2404,4717,6001
5215,6883,7257,9959,7798,8342,1853,1144
976,3219,5860,7093,6028,3057,5544,5240
6280,4036,2029,8405,370,2824,4251,1534
639,2688,4985,6956,4659,7822,9115,6042
8207,4830,1191,2779,8363,6976,5838,9314
8821,7410,7438,9459,1807,9374,2448,1764
3857,4245,3059,3221,9938,6467,246,6347
7981,5742,7036,5391,6081,5886,7432,4864
1192,9491,6976,5471,3136,2326,1298,2484
337,509,9095,1605,7691,2611,7945,3155
1900,3794,4076,3966,301,3570,3871,5259
346,9722,6299,6722,7445,7970,903,8439
7503,2818,7050,2161,8910,1034,1163,3162
7982,5802,8924,3869,3930,1570,1092,7050
7609,9411,6926,1532,8859,1552,4714,3578
4065,3288,5257,9444,3919,961,8749,5063
2965,6255,5566,2532,6953,2889,4577,2682
1490,5854,2913,667,3720,9022,4987,6487
6598,7334,2150,2815,4313,1760,7219,8259
422,1971,1684,218,9437,7485,3420,9400
2073,8454,2145,5684,4263,4786,5498,302
5832,2744,4985,5036,9562,7905,8301,6142
1900,1080,3150,4404,6699,1671,5200,4597
831,4543,2213,8810,957,4786,9344,5775
1197,908,8859,2716,3964,8381,7591,3472
3749,1589,2532,2036,2972,8849,6087,1923
6272,1731,6295,7214,6773,2122,3284,4081
1653,8677,555,4959,1859,6162,9615,1248
8497,5245,1298,6604,4221,7254,5696,8517
9577,8679,9650,4011,6256,5166,4367,3406
6310,7260,9995,1063,3083,2445,2432,6918
6044,5002,3557,9221,6678,5679,6449,735
2725,3979,4719,6983,3361,6166,9836,335
7407,4285,9985,6101,521,7165,1711,1710
8935,4068,5238,9914,329,552,1216,87
9666,542,1497,8600,4672,6645,7760,6340
3743,355,8024,1103,2998,5156,7937,8519
6625,5760,58,5497,4275,6383,2058,1294
6739,8531,5394,4650,3603,3977,9907,4341
7777,2336,1993,3568,935,2915,6612,3107
3789,5317,1880,7838,3469,4675,9329,693
5412,9791,5905,8286,3144,3152,6625,409
3238,4656,8856,6739,1862,5342,3733,6494
1900,8124,5014,6,7910,7110,9113,282
2596,8869,4475,2519,9194,4711,9127,2750
7235,4102,887,429,4139,1061,8936,8762
1603,1333,2803,1261,952,6733,1392,7617
1900,9479,9302,7173,1793,2182,8257,2200
4321,8329,4471,9761,6270,3846,6019,1744
5312,2945,2225,4953,2147,5368,8331,3416
7852,7156,8585,9266,5015,4250,2481,205
6233,5517,9197,3014,5659,2593,9394,3247
3888,4934,3974,7716,9239,7153,8540,8174
9392,5678,8712,4677,9131,3364,8939,1731
9632,3899,7944,8186,1028,537,7794,8142
3591,9779,4394,2810,7657,7606,5216,6023
7826,7376,1254,4545,696,2428,7643,5001
6451,463,9708,7838,9036,9389,5121,8532
6263,9904,2147,9063,5290,9334,1878,4519
1900,7709,3274,1378,2404,194,4205,4277
4797,4865,7045,2351,2761,192,4996,9029
2911,4383,9073,8761,3349,7306,9836,535
1900,7685,6880,6512,6610,6539,3846,2639
676,5556,3693,9770,5525,1627,880,420
8617,9341,4875,2829,4100,1525,6814,8372
2169,8940,3143,5012,5807,4637,7865,2415
838,5218,1763,8125,7863,2039,9938,8898
1016,2855,1227,1837,7984,5202,7045,4730
7807,4019,2989,6661,9597,8805,712,9448
4725,6814,4954,6048,7594,7750,4219,4733
8616,8969,8037,6276,6451,2937,6479,1365
1900,2774,4750,867,5241,671,1330,8028
1931,6431,8964,1997,9446,2388,4798,9602
2291,2266,7128,9011,9460,7697,8999,1524
9979,5834,1999,4827,9444,6011,6722,6555
1900,1853,9723,7874,4353,2041,3336,6158
1900,7085,8102,2795,8572,1270,9259,1911
8968,8683,5565,8056,5470,7968,5881,8985
5968,3863,5137,6411,35,3308,3835,4667
5061,9447,513,2318,4841,3372,6958,4504
2095,8241,4447,9965,6502,4544,1647,7192
4285,7830,2140,7541,7698,785,7971,8111
464,9883,8337,8367,9435,7947,2306,8035
5819,5193,7628,6687,6270,6621,9294,1696
8386,7131,4176,8021,8890,2425,2882,8294
7127,4682,5494,8541,3521,5527,9714,752
7261,6883,1855,8408,1306,902,5720,9078
917,7624,727,8048,3726,3445,1218,1390
2078,5924,8835,7923,9607,7472,5033,3341
7127,4597,6944,3659,5513,9301,8936,5049
2794,8439,7386,4862,7117,7322,1188,8134
1900,8718,2919,3436,3993,2848,2969,6711
8810,998,6937,890,2859,8116,2090,6000
6667,2003,2918,5440,2775,8493,3736,9980
1595,502,6318,6045,6407,8080,9267,9098
8902,5674,4129,4416,6790,9841,2152,8179
1995,7938,7688,6559,1324,1012,7661,6073
5219,7689,3329,7653,4353,2169,770,7069
1193,9306,7329,9301,6821,3292,615,79
7664,4142,7741,6333,9249,754,2716,7163
34,6663,1792,7939,6117,4284,3546,8365
8681,6192,4947,3247,5850,1739,838,5979
3753,4897,8585,6042,8324,5357,5766,6752
6069,1093,491,5378,5732,55,8213,5816
3973,2299,1920,4337,6762,1237,2782,2683
6008,7264,1616,1018,9426,5147,1193,4918
98,8512,8875,3394,6010,3350,2648,683
9346,8407,1960,264,263,8656,856,6657
4481,8991,7796,7615,680,4381,478,209
3288,4855,7107,1691,7898,8233,265,5020
5539,5976,7143,1940,6307,8972,1509,9936
7685,5915,3966,6994,2622,4633,1074,7262
6989,546,2192,7440,7238,1898,3351,1728
1150,456,714,4029,4906,3462,3610,9262
1900,6849,578,9143,7371,5993,3212,6558
3455,5172,3962,6291,3747,1792,7503,3907
7974,5687,6725,8133,3796,8519,3333,4487
4862,245,2399,436,1815,1815,6029,5401
6,9883,2970,1996,3992,608,5991,3095
5228,9357,3067,9736,4425,2733,6078,3308
9302,994,5448,4025,2274,9711,2670,2228
2744,8683,1783,108,6229,4095,742,9408
6865,6002,7045,6551,4199,8022,1884,1535
788,3146,7566,4794,250,9738,7153,7966
6630,6827,4045,8471,2206,219,596,4650
2707,9360,5549,8925,2248,1155,4085,7109
8908,6128,6755,9836,1909,2756,4983,6886
1900,9254,8273,3337,3536,6465,7029,6208
1466,834,4410,557,484,5783,9829,1483
5199,1679,9015,3855,5162,2011,8594,541
1900,3940,6851,4426,218,2521,2356,4
8807,4959,5045,1448,4235,8667,5664,787
1241,5151,4075,5027,7756,5057,4955,5466
5874,8849,5012,800,9869,3232,8337,9331
147,9776,1676,9063,5307,227,2173,8055
5820,4552,3648,7583,1973,6863,2924,9726
3389,4911,4975,3350,8190,9608,4874,1406
1900,5763,4420,9767,9650,8363,9379,2792
9299,6626,9400,7298,2590,8650,6357,3437
1596,7279,1416,6991,9542,5211,4213,8376
7071,1101,4747,5238,4018,7885,8610,1429
2042,8396,137,8810,7303,3252,3035,9733
5241,6789,4396,3987,9418,3731,3711,2869
7771,7753,9145,1972,1364,7327,7048,5829
9352,9159,9676,1355,3079,3112,5346,9347
2109,410,299,7429,3383,2921,6496,8949
2258,9424,6174,4649,694,3593,893,2653
1594,1284,9793,3263,7917,9878,4040,2769
4951,4869,7285,5265,5706,4125,5223,5128
2578,4281,2637,8135,8479,7097,3564,9028
4180,3558,5545,1806,2417,7243,7754,716
2964,3744,9738,8871,8404,78,4031,6897
1555,3626,2862,8258,360,7221,9457,3927
1110,8120,1711,1023,3908,9000,8443,9126
4595,853,8592,9998,2192,7651,7101,9144
9969,1595,6577,448,2162,6012,532,7931
1900,338,9935,6008,1575,210,3549,5253
8867,6051,7961,804,7668,7928,4720,3088
2736,2465,9790,7426,622,8386,5096,1000
1900,196,7026,7074,6437,467,9473,9836
5210,3469,233,3636,290,5874,1402,5979
8717,2156,9668,6749,730,2492,3946,212
5991,8602,2568,5273,4239,4866,7787,170
1797,1799,9815,6863,8185,9763,575,561
5316,8305,3829,4315,7112,4026,6112,3463
6146,298,3445,9172,3763,9583,4747,4114
4218,4575,3598,992,9895,585,5647,6288
2724,8276,840,472,5754,1883,9826,3867
1900,9101,8616,849,7649,8612,346,5129
4494,2012,6290,7625,4525,7840,8879,8033
4490,7933,9499,2593,295,2889,4233,865
8864,3101,2547,4650,8840,9519,632,3936
3059,5797,9911,5816,9322,3544,9524,8146
1900,2221,7643,9029,7142,3015,3438,6746
6669,7352,9963,2116,2715,8413,720,1820
7856,1198,6432,4129,8716,9253,124,3099
2612,9020,741,4388,7066,3973,3211,2881
9485,1293,3768,7912,1569,9010,6195,9358
6241,3606,6918,9203,8926,9096,9130,4448
509,8612,6447,1266,2124,1254,5502,5124
6801,2053,8523,1423,3070,8342,137,7408
4242,526,9726,8426,8267,9308,4127,232
1900,8756,3714,1649,53,281,3571,1630
8566,8014,8610,5413,2272,5630,6238,5253
2739,4564,5745,6756,8737,365,354,2269
5941,7043,5192,9048,8895,8696,5357,908
8655,4871,828,7046,9542,4273,1113,446
68,3022,8541,7719,7695,4421,7790,1219
7259,3689,9193,4204,2805,8182,9500,4060
1457,1704,3637,7587,9487,3589,5153,8702
6901,6868,5151,3473,5470,5783,9425,7910
7307,7314,7326,3034,6395,9177,4630,3211
3578,9970,2146,6501,8758,5685,2343,864
1317,1372,9876,2224,8265,7326,1809,8082
7373,5076,954,703,4152,2143,7082,3088
3162,7814,8141,675,7590,4132,3741,825
3449,5478,8292,5496,7528,5658,4427,1994
2887,2006,9268,4966,7109,6990,4355,4221
9361,6284,6003,2125,6052,3921,9211,4734
1900,1419,2678,7498,8139,1237,8821,9533
1832,7410,1005,8622,8026,184,3282,9879
1900,3765,9609,2226,5196,3712,3671,8391
6831,6818,2154,1521,5984,1509,1334,1231
7894,7273,3455,4530,9115,1194,8713,8393
4218,7099,4975,6167,7222,5840,4627,9390
2181,3589,8601,2791,7680,6930,9452,2319
4898,6872,3293,2252,2592,7640,7796,6568
3266,4374,256,6686,5079,8469,3959,4336
5750,8176,959,4292,5603,8055,7168,7731
6004,8185,5870,2786,4679,6628,85,8426
2472,7110,8674,2135,9066,8217,6194,4164
7006,4478,5053,3571,3254,8318,5903,6232
1951,8990,4695,7140,2611,2186,4962,8100
9836,7669,8761,7455,6990,3309,9917,7669
1876,5310,6904,4977,4218,9961,1138,5307
3563,8776,167,8086,4978,4606,2437,5735
1864,7080,1831,4509,2337,4652,4296,3952
9112,4782,9845,2027,1446,9516,854,6904
4216,3795,7087,505,7315,3151,1397,1822
8776,7845,9853,8611,5548,1778,2514,1532
4243,4926,2590,1441,3799,4922,9331,8661
1900,6339,6931,5489,5910,6896,8624,919
9950,4404,2725,1518,5444,5340,7254,9750
7598,4002,6266,6070,1361,1711,9099,6610
7451,8878,4283,0,8955,563,1966,8093
2156,7275,8774,7183,6374,9720,9498,326
6762,3955,1897,281,7866,5895,6871,3234
4032,1462,7002,1432,5934,6571,3830,348
6734,1109,6022,9821,2195,6031,3531,7775
1900,1286,9977,6027,9668,1816,3939,4877
6134,4236,2173,8291,6626,7810,9736,8128
567,3628,289,643,9277,4260,2796,9545
5724,6109,2893,3569,1102,721,9934,932
480,7522,5005,6491,2801,2981,6502,5659
7702,1468,2286,5893,5457,8866,6998,5778
1900,4550,9463,568,5190,308,4502,9764
7120,5881,7602,9620,6183,1044,4176,1423
7587,6646,9641,9200,2475,6377,8284,5652
1585,8386,1177,297,3653,7328,1399,5521
347,8292,3896,2214,248,965,7181,8250
8865,9114,6229,3780,5828,6793,270,2008
3406,3600,7003,4616,8343,9838,8533,6685
2375,31,7080,104,1438,9183,5624,9785
5718,784,4017,5641,1471,1572,6472,6140
9788,1893,9561,2383,8928,5621,2787,7790
6655,4694,9180,7136,3405,6888,5131,6844
1900,5924,3871,3927,5769,1783,8510,3596
8644,8472,2028,7089,2842,3401,1224,2161
6224,5984,5806,3659,1742,8104,7874,5124
6455,8828,3991,8959,9261,5267,9151,4685
9064,3502,880,9435,1539,4560,4420,5948
3653,8792,1505,9905,8793,7365,1,3714
3834,6010,4506,9379,671,9803,9256,4020
2522,4349,9058,2271,9408,8141,9195,7271
9906,8772,5626,4157,8526,56,8320,7137
1939,4459,6150,8062,7907,9727,9655,465
903,8475,8849,5185,3075,4386,3994,254
9144,7612,4760,9130,9257,3957,6961,1022
7142,6159,192,7757,8793,7361,6832,3112
4174,8927,5028,4707,382,5734,6639,3821
383,5814,159,9683,9089,188,819,8037
1468,3414,2513,987,1182,901,8854,2895
3084,3777,267,3760,5580,9861,9907,209
1912,209,1629,5196,4061,3240,7401,7192
9573,1428,1587,1385,1265,9636,3024,2050
81,3956,5735,4352,1630,2566,5318,6635
4880,8646,1131,9173,1514,3885,3838,1276
1900,7727,9284,5947,3479,3892,5795,143
5836,7769,736,6421,4169,545,3720,3869
412,5259,8025,62,6151,4500,335,5428
3975,5963,4031,1066,8816,563,9448,5873
4297,8436,2182,5528,2594,1016,5069,2530
1900,5030,1857,1253,7819,7916,8947,3766
8546,8608,8213,2655,6040,7377,102,4797
5982,9632,1682,4236,8437,435,1414,7083
5104,4550,8833,7435,480,3286,8842,8360
1900,5651,4039,3113,4819,8453,4145,4400
6171,94,6694,2918,8317,7637,9329,158
6468,1354,7062,916,9097,5728,4332,2687
8142,5740,7586,6091,2646,7051,6835,4579
1400,5126,7087,9405,7837,5370,5813,7170
219,7538,1566,8522,6328,5240,6139,1439
7999,9866,9700,6175,568,4765,9084,8263
1661,3319,6615,755,5718,767,500,9042
815,5841,8059,304,6324,3316,8807,2812
1176,9725,9858,4427,5889,5375,1280,3262
1106,246,2399,1259,6195,4412,5736,8246
1797,2822,9180,6824,2802,3242,9932,3426
9239,4677,3249,6508,124,8151,6443,2789
5215,6316,6777,7287,5575,252,9008,3502
7990,3300,1553,7543,8847,2499,22,1602
1212,928,1226,8174,2676,9259,2034,1317
464,9418,3549,5278,3578,552,5279,4639
6827,5755,9100,8085,9753,9148,7322,3829
1239,7521,1525,806,5601,3116,4853,4921
9273,4687,4699,8869,9386,2710,7199,4089
9404,6830,6679,5905,4030,5491,2705,2721
488,7749,7821,3703,3167,2662,8026,8581
2023,6051,2372,8073,2884,6512,4128,650
9138,9947,7698,2432,1488,8270,1140,9390
1900,9055,3266,4458,360,8079,6411,6208
497,7017,5926,6463,7223,5520,9084,4631
9411,7645,6534,2862,8950,1959,6153,1976
7901,3211,4718,3710,6999,8044,7160,3124
1345,7355,4174,3386,6085,2001,5997,9518
1393,4550,7512,4675,1178,4192,8330,5890
1900,5663,667,5567,9088,8700,6425,9018
9055,2721,532,1331,8283,3205,1838,7027
286,3487,3829,1697,30,3205,5703,4184
7559,9883,2476,1407,7826,7001,9845,1673
1900,1505,842,3034,768,9500,5237,826
629,6709,9158,7931,3461,143,7283,7286
603,1860,727,2014,9769,2224,36,8427
5374,2767,5843,7318,3207,7280,7469,6846
325,3411,3729,8457,4472,54,5136,490
5829,1788,2284,8749,8272,9050,2798,374
1067,5746,2380,7002,9825,2876,7999,9369
6456,940,2606,5663,3327,5336,8923,4679
9515,9655,2578,6719,5753,1823,6136,7230
1578,3897,8674,9944,5594,7844,5531,7960
651,8471,7491,1157,189,9626,7822,8027
6937,5276,1277,5945,507,8684,8609,4296
7795,3494,5620,2104,2341,5410,1856,9138
1321,6329,7490,8487,3505,4013,1925,7449
4397,3091,1793,5385,739,9145,9355,5182
4894,4733,8008,941,5449,5577,7292,2368
1900,424,9667,2927,8657,8681,9317,9837
3909,7981,7109,992,3858,7576,3159,2944
7378,3650,9990,1514,18,2249,4134,9562
1511,265,6127,8151,9733,4760,9075,2715
1900,5888,1867,9842,4602,8136,2792,7745
4794,9026,4677,6594,1914,2249,1873,2642
2161,6454,922,8335,1601,6423,7666,1852
1900,9982,711,6313,8190,7411,1746,8814
4141,9353,1605,6385,1517,9022,1371,191
6102,1173,4573,2870,8299,4859,6228,8074
2477,316,5817,8274,4889,1030,1713,3606
8635,9608,9569,3381,7599,3371,3626,6441
4531,6837,9316,2464,437,4039,6246,2580
6329,167,1864,7908,4039,197,2227,3989
3909,5929,9946,1212,4862,3735,1189,1098
9478,2786,6276,9294,4120,7542,582,6899
2327,4848,215,1993,7845,10,4210,5983
4298,5666,8843,5883,3533,2623,8557,1718
6858,5564,7309,5545,6607,7966,9245,5773
6977,2111,2569,7315,8274,5567,3723,3952
3409,924,6971,9089,1603,7310,508,6771
8173,2655,1250,7470,3601,5702,4609,5293
7111,3719,9093,3825,8330,4921,8369,6849
5647,3674,2305,539,6395,9637,2250,4828
5139,9522,3209,2726,2545,5558,4630,2478
2443,4595,3837,4107,5514,8300,5445,8860
4569,3626,844,2480,919,1196,957,3899
9730,2081,244,4786,7495,4813,1911,8909
3726,9882,2406,3841,5965,9465,291,5691
2036,7335,6308,9480,3017,3946,1586,4525
5148,7287,2429,1312,6716,1084,6826,5465
5669,6307,8584,7005,7740,5126,6813,2987
6042,4751,241,8627,7521,7589,3860,9884
7172,2249,6136,4627,9074,8460,9432,4307
7238,6119,536,3504,8659,98,7156,4696
6088,2561,160,4190,5955,291,7314,7334
85,9604,7482,5147,4297,6165,1106,6064
1900,4105,8204,7564,2535,1027,3535,835
691,6539,325,6642,1068,9772,3152,8452
1874,7014,6874,3811,3808,3446,4915,5736
4324,3919,2103,9727,3830,2038,7417,9160
3766,9502,2057,8323,2168,6210,1349,8100
1102,6900,5372,7380,4959,9100,7692,2538
4262,6585,3008,4617,3816,5914,7603,3157
2788,954,6555,3253,3805,5381,1204,6190
4781,1041,1855,4964,9642,1141,6335,3710
4404,6013,9750,7651,1179,7555,3018,674
9057,2404,9923,1718,3331,4616,6626,1220
6212,4240,3204,3678,1244,7734,1790,3991
6991,7339,5631,5518,1679,986,9401,5900
6783,7672,6445,2623,4322,777,8130,3130
8660,2615,1726,857,6890,7785,8493,7037
618,6392,7992,6129,698,9546,1329,6733
2047,9010,1042,4382,6479,5468,9195,9003
8138,3696,1198,8189,8018,2035,6524,3130
2440,6305,3610,7321,7866,1372,4434,116
1876,4118,4306,5619,1302,1802,1029,6127
3543,3956,5504,6413,8945,1491,4666,2065
7875,2142,264,3959,3068,2537,1549,8951
7548,8533,2556,9910,3344,2704,6820,5702
8050,6153,2481,6762,2978,2489,50,8426
5135,3479,4851,841,6059,8560,2944,5789
8414,2647,280,1882,1625,8555,6359,1156
1900,7628,3630,2905,6935,2808,6909,5301
2305,9089,3187,3795,5619,7751,4454,9835
2106,2548,8894,6883,2370,4013,8776,248
4783,561,559,1847,7267,7905,9288,1358
5986,7991,3247,6685,5912,128,6717,3033
2711,5733,3499,6021,3370,4606,2057,1869
3049,557,9020,8985,5234,6944,6724,6895
9613,69,7138,2024,5761,1282,5723,6999
7848,3502,3064,7934,8682,3841,9625,7214
1361,4744,9074,6409,6096,5750,7305,8279
3700,1524,6023,8392,8776,725,861,5513
3020,8160,8771,1107,218,540,866,7987
8019,434,6790,8810,5140,2492,3078,6088
1051,7949,7385,3201,251,9494,1114,3496
299,6708,9247,9769,8910,7274,616,1736
321,2459,1340,2517,8367,9805,5353,4330
8300,1352,3474,9207,8212,2801,5495,4245
1214,3691,1443,3042,8655,8740,1622,4021
5729,8872,7330,9275,7407,7183,5099,3774
5757,2349,1939,2734,2740,1849,9090,8504
8339,2878,7285,2345,5656,5093,7876,5167
1631,646,4964,3067,4748,2424,2071,6838
4184,3472,2375,3606,5577,323,6607,6451
8926,6994,3425,5293,8034,9041,5133,6895
2825,9248,7794,7561,8051,4737,6005,6127
6734,9019,4495,7615,8572,8030,5676,424
6106,1681,6207,3992,333,7930,8548,3304
5139,7843,3433,3212,5741,5492,8081,2131
7243,4826,5506,2070,2784,9852,7309,6018
1629,6125,1705,5466,9966,6238,1642,4922
9574,7584,5562,3594,877,1624,3555,1678
3095,5560,2990,2490,7304,8590,4231,6473
7939,4235,993,5081,1680,9599,4181,9032
6257,403,5419,8619,2900,3632,5059,5961
4773,7034,3078,4122,5818,2408,1303,3833
5750,9100,7445,1786,9523,8244,8998,1591
5681,7138,2697,4799,4547,6810,9643,3513
3927,1053,3023,9002,400,8904,2318,6386
6021,7873,6488,261,883,723,5072,5058
9329,5520,3582,896,2438,2844,9687,5460
1900,6739,7167,3248,2337,9636,5977,7841
4201,6837,4187,1178,3663,2214,2814,3166
1900,7276,4700,6518,5865,2511,6912,2233
2490,3279,4111,6966,7059,437,8983,3933
8465,6870,5839,9875,3076,9328,6729,6347
2731,6394,9564,6367,6883,4831,2743,8135
5617,111,5112,9053,830,4338,51,9755
8310,5962,1968,6574,1681,4727,3925,2449
353,8709,6311,1497,7953,8190,8531,8047
2126,8047,6750,650,3924,3008,6470,4326
6854,4782,5673,7732,2049,6613,4891,5499
3368,868,11,5194,5015,7793,5712,8442
1900,3147,6061,9539,6435,3797,9450,3146
2018,5424,2659,7375,5382,6997,5234,209
6409,9370,2777,3781,7023,2290,9478,2537
1900,8767,9139,7355,3550,8002,6685,5268
1900,8344,8416,1581,5335,3378,5007,7757
8307,1766,5787,6205,1316,2467,7540,4125
9904,99,983,2997,1135,4696,6092,1474
7372,4891,1954,9,6563,5517,9092,1866
8737,6803,631,8141,8620,959,2267,2036
7930,9855,8808,3362,1632,6729,8176,5282
7593,9716,4891,2673,7118,1563,116,7540
1701,2231,4884,8218,1040,3057,8783,2662
2092,2388,2199,8671,1239,6986,2080,8638
4804,1584,5692,9284,1555,5473,9158,3938
7994,7241,7981,6325,3622,6693,2004,9452
1441,8025,9556,8001,8829,1764,9360,7671
9580,5387,1414,283,60,5015,5092,5854
5326,5736,436,8534,525,8362,8263,5219
8275,5413,962,3091,4262,2049,6869,432
9200,7589,4575,6460,724,9687,258,6847
3268,1809,9561,1179,2243,1469,1655,7928
6991,9868,1937,8676,4262,7534,2957,7904
5177,457,1127,5387,7260,6655,1058,2737
7037,4849,5544,861,5584,4447,7155,3688
96,8480,7156,7489,5928,5039,8412,4865
124,3792,2836,3955,1787,161,9542,4273
894,7748,575,6934,4689,1717,758,2885
7885,254,5858,285,522,3113,6926,5039
2707,9872,156,1984,8572,8345,7066,5594
133,3876,240,1323,9104,4844,952,2434
1581,5409,1851,1831,3010,4326,2295,9919
3860,8686,3559,1049,2575,9708,3042,241
393,5142,9185,3682,5733,4807,247,1139
7739,5098,2714,2425,3980,9993,100,6160
224,8595,3405,2722,3088,9586,5198,7891
6701,1750,878,3074,7173,8830,5912,2049
519,4267,4260,3919,6554,6692,8837,3211
9791,806,1491,5592,8530,2213,1842,2549
1245,6465,6852,8372,494,4948,1283,6698
9863,1305,1663,5592,3277,8236,867,3209
7716,1364,7762,7620,132,6161,3647,7182
3973,3258,450,2326,7693,6176,3826,1757
2208,9994,9049,8265,4318,437,6475,1069
9988,6219,1853,9268,766,8187,6108,4404
3081,842,7624,3494,9960,6512,9234,154
9780,4934,2503,9213,1002,2690,3354,6547
3434,6175,9412,1384,2048,9653,407,5368
9377,9820,7820,1704,3577,2398,812,3988
7195,6584,779,4990,1869,9762,2023,9681
6790,7979,2976,4140,1716,855,514,9047
28,7716,1917,8278,3991,9971,158,1712
2351,2075,4054,3429,1361,5797,426,3511
3940,4617,6656,5573,8509,8316,3210,1861
5888,6674,9789,9448,1056,2750,4714,1625
2923,5573,8137,8034,3134,1183,6188,8411
6088,4049,4424,5660,6371,9854,8683,1122
6389,2384,7748,7109,8668,5325,9901,8578
2824,3791,8374,7217,3194,5042,7125,7638
8091,3006,5600,8424,5521,232,3066,8498
5140,5277,9323,992,4983,8710,3604,5231
7703,3852,1244,2804,7554,8121,5638,3865
5442,3989,9889,1515,2150,6023,5899,2139
6891,3324,8977,4696,9682,9308,2280,4778
3071,2998,6094,5940,1820,5761,7444,5534
1795,6625,4837,8518,6547,1310,1730,8935
1963,99,4530,3095,1313,5522,2299,4889
6919,1130,9512,5966,809,2761,4443,9185
5481,3003,7011,7651,7594,1049,9232,1537
8162,1182,6803,8271,9689,7811,8656,4116
1128,2001,344,8859,5649,3075,4535,4235
7041,2214,5441,5274,7922,1508,3769,4589
1183,3588,3487,2626,613,520,7718,4624
1548,4734,1761,3247,4398,8451,2137,7391
6189,8123,8354,4083,9353,744,9718,7701
1900,6198,9302,7969,2388,5134,461,1256
3551,8026,784,2718,5650,8738,4916,6535
7666,1737,8373,7968,7910,3544,2036,651
4637,4972,6282,7666,3093,1106,6446,4946
34,6094,4932,1813,3037,8179,7009,8297
6439,7138,7068,5342,2604,201,3188,9510
7533,2749,3022,4834,2568,7380,1611,5228
9942,9494,3566,615,9018,2819,6834,9484
2283,9437,3208,2852,7651,7572,8910,4532
2662,3254,2216,3103,5148,6796,3753,2142
4684,7834,9276,5017,7470,6234,3125,5512
6401,741,5361,4615,5258,4879,3738,2842
6557,2244,2583,5766,8555,2048,9961,6067
9018,3899,8144,6256,562,1111,6965,8194
4503,1149,8933,8724,5615,3554,7579,7910
6243,8617,5631,9752,7113,2398,4013,9353
1523,51,9690,4873,3376,5681,1904,6397
3217,8948,3254,7634,4917,190,200,9730
1900,3384,2495,7510,3918,9330,6912,6593
5903,9521,4548,3961,9320,6330,6119,944
7199,9186,43,4634,6797,7779,1621,8020
4690,1263,9779,4087,2292,8914,7144,4382
2776,6626,8223,2890,2872,6951,897,1680
1605,5921,881,2081,8908,178,464,887
5158,6378,4784,3552,7165,8980,1773,2022
9281,7927,5496,7635,1390,7868,9162,2081
8949,5553,7463,1366,6230,7111,8486,645
4521,3190,744,8808,9911,9023,2539,1230
3800,3211,3891,1011,6822,8163,8683,25
1794,7597,8819,9268,8542,5805,6771,2617
7391,6065,9001,7020,4363,6791,7689,3137
2375,7654,1868,3981,370,1993,1828,9268
9362,4997,8707,2196,3682,7340,3073,1514
3688,8015,1248,6735,4135,4915,1771,4333
1900,7938,7076,8045,1162,5838,2467,4777
6942,82,6531,9030,5828,4549,8335,4089
8019,8501,9031,6952,8355,4734,2732,1361
933,8737,51,4736,1948,8625,2480,3788
953,4444,1390,9648,1959,4549,6031,9203
3004,9047,1592,5332,3863,493,2473,9713
3736,8003,7028,5579,2613,1923,2295,4623
7028,4995,5461,6761,4343,8954,2550,8052
202,6440,7122,1558,4117,6519,1320,4678
5275,1695,9926,738,6228,9414,590,4877
3042,4889,4359,9766,8149,8908,4554,8348
2043,5548,7110,9322,9011,4094,6708,4761
3866,4664,2780,6609,5756,5991,2430,5263
253,4471,2103,9034,4803,5999,3735,2707
3086,5134,4963,799,8753,8245,4012,4130
7593,809,2753,2061,157,3306,8757,3718
3488,3730,1049,6659,8919,4148,1837,4292
4092,9725,8656,4954,5381,7190,9759,2273
2173,8130,8837,4115,2178,6371,6953,6557
2564,6833,7390,9426,7175,888,9724,3776
1381,5253,1937,9488,4975,5575,4800,2744
5561,563,4188,3216,382,5084,4980,532
1900,5984,1268,7808,925,3968,7213,803
2721,3211,2737,4474,2422,2618,2798,8639
4262,1449,337,1967,9423,8812,8328,9248
6320,2315,1065,9321,3054,2201,3813,528
5871,1374,3215,4773,2021,2466,5481,327
3063,9344,4711,1908,2705,9984,5466,3569
358,7304,7270,9479,5576,9850,3115,5794
4328,8141,7840,3540,4584,7998,8876,8647
1900,3820,480,6678,7944,8351,1852,2471
9415,8101,7936,3486,7066,4551,6430,2011
1900,527,4698,5219,5832,4493,44,4340
2760,1204,3117,7746,5011,9035,9090,7640
5598,6686,7869,8282,6548,2827,9123,5587
3379,6968,2626,6138,2662,4123,5633,5529
4322,3980,1201,4947,6470,2619,2525,8860
4205,2792,7794,1022,7208,7872,3718,2629
5656,3877,284,3724,3252,2465,4067,3253
2588,6505,6126,4464,718,5622,1421,5401
2622,7886,4509,4735,8551,3080,5480,3782
8719,3981,3685,2323,8084,9613,5251,4225
9354,5361,6643,6639,2595,9176,6981,1053
8517,9240,871,8381,4271,7790,8707,4427
6818,1313,4208,1343,9250,7559,4343,6553
1900,3168,8492,8112,7555,8277,4505,8154
271,9509,6446,348,1000,6327,3914,3378
7265,288,3210,2668,7438,8998,5456,4181
6192,8306,4941,5120,9431,3530,9342,1015
1556,831,7212,8946,7038,3075,9949,4807
1900,7117,5733,5624,2826,2872,3948,1321
1900,8306,2838,6413,2850,2337,4330,593
4167,7667,8063,1253,9315,8320,4963,4732
6657,97,5510,7082,9359,9244,5151,1497
4566,4,1855,8994,9682,3106,7627,7058
1900,5871,3643,9628,3678,4223,6048,7072
1211,5503,8720,2855,9151,5315,1295,479
3582,4870,9472,2206,5888,4324,898,6666
6790,699,1552,2363,286,3166,938,5779
4657,8208,7599,5546,5024,7800,8852,5405
1611,9485,8848,221,9486,9051,5859,5286
6017,3840,8243,4301,3295,8478,6114,2516
4429,1568,5080,3435,9979,2721,8922,6462
3561,3445,2021,5315,1157,9340,995,4810
7076,9927,4582,1878,1238,6924,3319,4689
6961,3445,2048,91,1744,7128,8241,5507
860,7293,3727,2443,8353,3800,8898,854
1854,237,124,7305,7601,4650,8921,5033
353,5200,7304,5255,1984,7868,6956,8556
5391,9134,7157,7307,3165,2264,1620,6160
532,7247,9550,5732,7664,3951,3282,5069
1845,5896,3620,8807,6747,4698,1193,498
1181,50,422,7101,840,3723,149,7388
1301,6306,7651,6487,3494,2653,2170,3566
4751,1879,8165,1700,1879,5281,7671,6575
3142,9548,3073,4676,5548,1260,3152,6635
4988,2754,4812,259,208,1520,9346,2395
4689,8042,9246,4765,3480,9958,6260,1956
2633,2693,1052,5368,9360,7663,4767,8254
5997,1859,5910,8764,9035,6016,5996,4182
4394,476,5581,4187,5608,1993,5104,3395
3203,3675,6480,144,8096,2183,4745,2175
6726,5525,4006,9673,642,3076,4187,7494
2568,3839,8945,2260,9924,8602,6473,5975
2923,5891,3580,7069,3242,7055,6713,1252
1900,7478,8018,212,1407,9787,7765,5627
5140,2404,2248,1227,3567,2577,5371,2581
7071,339,6520,5701,4100,6883,3512,7032
3028,7078,1058,4911,5530,3507,7278,7492
6505,4807,1520,7811,103,8828,4155,5817
5035,1655,3167,8748,176,8638,6895,1566
6182,6383,8984,4759,6652,1292,5677,5970
4422,8763,8360,1146,9899,1201,9425,3408
8649,1126,5367,8131,6679,1101,2945,6357
496,6734,5936,4949,226,6340,6069,7841
141,4160,7148,1359,8969,6957,6563,885
1142,9017,2279,2143,494,7320,4924,1035
2670,4559,1793,9600,6760,5059,5483,9237
3434,2309,5383,7911,3027,285,7872,1399
29,4851,9112,5478,4201,223,2873,38
4796,958,4127,1577,7128,1385,5370,998
888,4159,1302,3414,543,6547,1049,6161
1442,5722,1851,4907,7109,1880,7982,719
6439,475,3034,2312,4203,9481,4112,5553
8241,9230,8779,5481,9401,6994,1242,3151
6684,8690,1608,2182,374,4052,942,9264
4556,861,5041,6269,4174,2894,6416,1990
5719,5318,1937,4150,4969,9701,9826,8700
5958,9968,1388,9258,4377,8391,6701,8648
2996,9301,6330,6118,1104,8600,7739,2632
3434,7219,8046,2180,9580,2290,4670,3054
1900,8682,4663,2370,141,7608,5518,6547
5067,9005,6205,1980,6055,1695,5659,6562
4517,2361,5297,4151,8497,5140,6177,7386
4435,5661,3699,8497,8195,930,1094,8210
9864,3096,8315,3432,2729,8769,7713,9186
5103,6576,8904,7603,5888,9958,6474,5083
1900,2672,740,8426,7380,7266,518,3661
2550,1719,1109,3689,9913,967,9918,4108
2389,5671,5749,9725,8461,6032,6672,7472
1660,4855,1825,4670,1391,6841,2554,75
3602,1881,5413,4276,786,7139,3173,5783
2430,5712,1360,3513,8101,9511,7094,7417
6388,5480,6731,1851,5658,3155,7377,9270
2008,2258,6451,3465,363,9649,5364,5715
8762,4400,9707,2685,6171,5697,3583,3349
5935,1102,929,2004,4534,8945,1327,8226
5207,9969,2655,3631,3395,8509,3429,2311
241,192,5993,9763,3989,5037,2061,5591
5456,7238,7875,3831,8077,1188,3313,9259
5611,9248,2366,6632,8998,2616,4751,9333
1048,8080,6011,3548,2532,7522,7530,889
1900,3852,3939,3426,8731,4906,3227,7558
7801,377,5731,6120,5175,7235,9082,9638
7219,371,2628,9123,3051,7376,7727,585
6466,4719,8505,4074,6474,920,4443,5968
1900,2063,4813,7938,1710,6793,2544,6782
427,2729,5487,2851,6428,3396,4486,9499
92,8120,9060,1926,420,574,8507,6813
1482,8910,7461,4145,1223,8854,967,8553
3957,881,7308,2989,7698,5249,7729,8763
1114,8860,2641,4793,9562,5004,4865,7603
1469,463,4431,4781,2278,4954,1942,5578
9642,6863,4446,9583,5176,6322,3371,4719
4718,2154,8547,1323,389,9101,3079,1357
1900,2433,940,3484,6169,9509,5133,8799
1958,4168,7651,7436,2782,1928,4335,798
2095,5698,14,9421,8007,8542,2413,5478
84,4958,8569,4479,3171,4935,7071,8985
567,4743,9872,3925,8010,1876,6808,641
9189,3215,1102,8930,1751,9224,253,1097
1900,4515,4678,5719,2593,6470,2400,7398
1900,7008,876,1641,8147,8700,7362,1091
8062,8330,6881,2052,6582,5963,6476,5411
4881,2225,5676,1410,8318,9375,3711,6954
2814,5826,6320,8124,302,6869,9318,3660
1900,6828,8830,828,7197,4803,8874,1951
6091,6206,1836,1802,6322,2930,6895,6404
2071,5177,7546,4905,1408,1902,8694,5630
6866,2022,2802,3721,1572,4906,4047,3090
8732,3870,2801,9740,9348,6107,920,9950
3652,7900,8950,595,8518,904,7716,908
4967,4018,4097,4541,2114,9238,1278,1266
1830,3990,1187,3229,9251,3290,5432,5730
1057,9589,612,6898,7514,2462,7344,9488
4461,2014,1131,7085,7126,3629,8430,4961
8877,4335,9651,4564,3877,6822,9753,1032
5691,1378,2464,9537,2502,5160,582,3090
8365,908,8372,7394,3337,7111,7322,5162
9714,8901,4737,4837,1089,5379,7128,9018
5498,6178,6593,2803,7420,1670,4583,2279
4594,5260,6439,9037,5773,7352,6104,494
9384,9951,5905,8012,9533,8079,7834,7835
5268,1964,8548,2646,6695,9969,8551,6694
5755,1149,1229,6337,6338,3234,613,8417
6832,7163,2140,7153,1672,3090,1858,8324
1900,3023,967,9488,8249,4033,4516,1069
1900,4995,5545,839,6976,5201,1172,3217
8358,1907,4010,3697,4160,621,9187,8369
9238,8932,7353,9434,5042,4645,5679,3521
1900,9451,2606,10,1642,9200,8500,7830
1051,5263,1430,7718,3745,8848,1525,4641
1017,5345,7852,5966,3222,2133,3787,9086
9794,8077,1915,8768,9068,3797,1451,8764
70,1509,1410,9046,2974,8778,8480,805
2317,799,4574,7383,7016,9926,9409,6829
2033,8943,954,1169,2087,541,1786,2305
1622,9492,8969,5863,8276,5054,5882,898
8733,247,3464,5081,4817,6877,3916,4261
9514,9361,6468,5589,2608,424,453,4564
318,8556,7228,2058,6812,4225,4304,3884
8115,8932,6427,6060,7390,7342,2461,8587
8825,5294,8920,9059,7096,5683,3609,8613
8263,2481,9382,5472,119,8209,6050,8302
7630,6999,5305,897,8379,3008,2924,2216
8255,6374,5909,7728,4500,4155,5719,2468
2960,4551,5018,6830,4785,8780,9614,7595
8744,9241,91,1511,9944,139,5142,7779
7085,5626,4791,6183,1709,9001,5467,5023
9490,844,1469,5428,8934,2681,694,1374
1900,609,1033,5270,3788,8721,4843,9591
7853,2818,6242,555,5093,4030,5144,7320
8584,4000,8545,8158,9254,5086,5712,3769
3596,4833,1500,6179,1056,2950,4780,4666
1900,2180,9152,4207,9761,785,5568,2265
1305,6557,5101,4243,2176,914,8951,8560
2825,5727,3747,2837,7141,8324,1439,4433
1398,1219,6910,3798,8776,7922,6071,599
8642,9177,29,8020,3404,7768,7176,8309
9199,4177,9110,9002,6606,2513,3445,6903
612,9663,3032,2897,6039,3848,3461,5535
5353,3993,6979,9215,4297,2027,5766,6491
6353,3255,7925,9245,8952,2976,9745,6905
7679,9009,9178,8741,3367,5504,6035,1893
7536,5365,9090,9548,7939,1747,742,8512
1900,4614,9697,8957,1656,9111,2409,1407
7739,4860,2391,8092,1245,2778,8294,4119
9303,1787,289,5512,3959,6823,592,9619
6354,7151,1927,816,5432,7528,1704,934
1900,391,1710,9252,4032,2586,3622,1267
4626,7874,7922,396,4098,6552,7683,5923
8992,3363,6268,3931,9158,9879,9539,4664
2812,2863,5271,8731,91,8678,2962,4457
5228,3120,7315,2976,4076,1663,1548,3706
933,9238,8012,7871,1061,5445,1094,3056
3799,1523,9127,3436,7868,7121,4761,478
6464,834,749,9976,4790,2047,2351,4380
8029,8828,8264,6477,4835,9874,2243,1635
1900,5262,3390,1353,4608,5418,1114,4337
6109,7821,2470,4636,4543,7381,5153,8736
3155,1050,9402,9955,3610,370,4202,9825
7224,5922,8577,6461,2862,3970,3712,2900
5896,7316,2133,8404,1342,6872,6427,5673
8805,3479,2905,2918,8126,3,6946,166
8955,8135,4519,136,1646,8168,1329,6150
1900,269,1450,3973,1003,6717,3617,3139
2681,1247,5196,7429,9714,686,9528,1584
9905,8771,652,9637,358,5204,1548,6328
800,7923,463,9539,992,5764,5369,7586
6886,660,6288,2662,3154,8078,4408,1583
3038,9447,6523,7047,3262,7332,7460,8110
2488,1832,2686,1013,9678,1827,9962,1261
7361,4005,3858,6409,2602,1085,5350,979
1121,7407,953,1781,554,4716,6301,8184
5874,4963,1023,1094,6954,7565,4671,3911
3027,9425,975,1615,7395,4321,9527,9926
1237,3107,4784,2016,1358,9151,2060,1358
1689,8659,7407,2949,1873,6980,27,1629
1900,6104,1235,9882,51,504,6324,1260
7197,3261,7539,466,4927,5417,3189,3405
9689,2900,6427,3644,3219,8518,7607,9525
2199,271,7022,3909,8479,4725,9177,1807
1495,4862,7225,5939,6601,6853,2174,7723
9515,6283,2869,5164,2595,4718,7454,435
6119,8797,3850,6055,5432,8739,3870,7215
7930,6827,7204,4987,2842,1611,1938,4183
5851,2838,5761,6755,3711,2082,1675,9674
8447,4148,719,3528,8928,5687,6483,9970
6760,3351,7789,5976,5234,2582,6357,6665
7255,1934,6988,8268,144,489,2067,323
3697,1077,5866,7178,6032,3215,9560,2867
947,534,4131,9402,5753,1085,2099,3801
6140,7022,320,6574,5517,1943,9325,3038
1960,1458,4345,9546,3096,5856,3504,8680
1900,2594,5770,5506,6576,2033,4418,7153
3837,6959,3375,4178,7971,6145,6599,6021
2745,2937,4659,1320,4732,8429,7209,9939
6619,2559,8860,8729,4262,4438,3216,9915
2751,5685,8509,8831,5119,480,2385,6654
482,1073,7248,8662,2633,4063,7342,6212
5379,9314,4242,2718,2009,9093,7896,6555
4972,4465,9768,4899,1563,6156,1192,4218
263,4036,8485,6011,843,8750,9210,739
4691,7248,3580,3626,2354,1877,9311,5267
5686,1619,2378,6571,7226,1942,9407,1856
5529,4932,4495,4685,9657,6831,9069,6511
7604,3197,608,5931,3296,1147,1633,4788
5529,5387,4313,5649,720,9692,6596,1327
5511,7003,6954,1987,4559,5330,8933,5210
1900,8836,4226,156,9839,1126,2830,2502
373,8283,106,9827,7346,5896,4089,6926
8182,8449,9810,3014,9101,9004,3372,3830
2751,5767,5067,3727,973,6600,5594,8397
1900,4215,2448,4115,1371,1624,2457,240
9920,8055,2457,6730,6578,6449,5467,3556
7073,3222,3245,7329,9318,2579,2093,3630
5882,1743,5583,2596,5377,5853,3681,1886
6153,4602,2475,6585,71,7415,3572,4372
1028,5878,1643,2761,4867,3767,1134,4661
4248,3508,3248,4741,5451,6778,417,7021
7755,7430,9857,7021,7029,6606,1676,6936
3542,1340,1755,3646,611,6172,7571,8104
4401,6756,754,4837,4142,8341,8573,3560
7039,5351,5729,8033,8669,1746,1431,6480
887,3317,3884,9112,8276,4770,5947,7144
9825,3655,8226,9806,8100,9603,622,869
9590,7401,3779,2148,920,2296,3844,7953
1900,9237,5912,8483,5915,6066,6409,4577
4826,2795,5929,6921,1719,7216,1816,2871
4307,2433,5050,7931,4235,6694,5173,6508
9169,7655,9044,466,4691,7990,959,3407
1922,3011,1747,2944,4466,3856,1462,7602
8609,4533,2172,5211,8782,8172,1135,8614
9231,9720,1932,8804,6421,853,5686,6258
8830,9284,1886,3573,4120,9833,4660,1734
8449,1429,5155,5727,1558,9723,6244,7324
821,9094,5473,9055,4914,1950,5274,4769
3451,3573,7763,7061,9768,1189,5245,1431
8868,5242,2381,1829,2045,7309,1910,2740
9156,5546,8976,5332,9302,3079,3109,9937
6205,6892,3606,5544,187,7412,97,6816
4714,405,5958,4860,587,2095,123,9886
966,436,6275,5948,7438,6270,1263,8266
1521,8771,2131,3724,543,2054,1252,761
3637,2958,1744,1206,5240,7303,8587,1974
6273,5940,1278,6525,976,7679,9093,7010
1900,9817,3171,68,9700,8391,2243,9242
8064,9386,8037,8231,7348,9410,7399,1290
4207,7003,6928,8498,9626,6029,8405,2814
6547,4066,9656,8817,9730,2526,5973,8327
9678,7022,97,2120,6621,5233,3965,9339
9796,2671,1895,416,1717,1614,7919,1547
2002,3625,68,6425,7122,8451,1280,1028
4780,8488,4961,6742,7418,2898,9715,7331
5569,8636,1717,8494,5158,4991,457,6130
3212,2885,5678,7822,7001,5300,7621,7638
8476,4458,2500,7504,3483,9329,5306,2785
5207,1547,551,7613,7563,9881,4616,6734
5135,7848,7968,1099,8419,5236,2033,7635
7471,6152,7250,202,4071,6269,3720,7671
1900,2501,5770,760,2140,9370,9459,7870
1900,3003,1047,4075,1822,9251,1434,3101
8227,4344,6917,326,1772,3161,1822,9249
8965,1915,5793,4794,4776,5081,9056,7308
9563,8259,5169,984,8370,9516,2834,2985
9812,2184,2879,3240,645,9248,323,2792
9773,1290,9136,1896,5894,3538,8019,7443
9423,1079,1237,1780,5862,4294,5549,4345
6747,6175,3491,5438,3911,5212,9585,6420
1900,6025,2031,713,6728,7374,324,6048
5996,6152,5106,1145,5048,1777,4590,3568
6907,1275,6864,8862,7377,9672,9342,9474
329,9619,2682,1563,8207,6059,2975,6345
8378,7518,587,8067,9697,7508,120,4201
1900,847,9463,3410,9015,6580,5201,4447
5071,1159,9614,7080,3578,7914,2974,9684
1900,5005,7679,396,6597,6504,3745,9260
1573,3249,3543,9091,379,5011,2262,5591
6160,1667,9301,2945,7500,3922,1072,7035
5558,2282,7144,7344,2310,69,8022,6182
787,3098,9951,7762,9960,8877,8275,9888
1262,1472,2745,3535,2229,2618,9614,7664
6578,8221,6045,4712,6542,2135,3055,8981
695,8193,4958,7041,8670,3183,7679,4064
1320,8492,8111,9860,7912,5963,3397,3735
8716,2838,3302,3873,1323,465,8649,2822
9948,1719,9431,967,5063,661,9199,9047
9685,8609,5634,9216,3794,3801,6653,5894
577,7875,1157,7439,3834,6638,7159,8589
6305,312,2270,4448,584,6009,1342,5040
9030,2528,9238,9890,8346,6620,5956,2856
1900,4176,2647,4953,9063,841,5073,3332
5557,2468,6681,3968,2177,9220,5101,7433
8790,8070,245,6833,1037,8073,1628,3434
918,7980,1821,6755,1971,6229,6972,7486
9912,334,3311,3453,1700,8275,7330,7993
1433,127,7771,3812,4346,5389,5981,1065
9062,4559,8494,5756,9912,5125,9993,3474
9448,7546,3303,9821,3606,2673,8212,8494
1900,8907,78,3892,4310,1304,3450,7797
4602,3515,8093,1001,863,7779,8481,1032
3355,3881,1958,6345,2532,4203,4431,9324
2598,7743,7076,4066,6605,9856,304,2756
8775,6219,9985,2875,2927,3525,9939,4209
5503,6269,8455,9464,9897,9126,9573,2614
1900,3473,2762,5977,9635,4784,2589,1909
7055,7653,9157,3601,7105,1756,6239,9805
1900,3081,7421,5792,6437,675,2822,3247
1042,5904,316,5789,8846,332,5839,3861
1900,3373,4367,6986,8904,1669,2309,3435
7486,4536,6039,8104,5670,8741,9226,7213
738,9992,5549,1738,3229,4018,3346,3499
5208,1518,7524,4125,3880,5916,4132,2603
9640,1952,4919,3706,9514,5971,7780,7693
1604,245,9422,7680,5225,9937,9237,4282
2298,6668,9170,4092,1961,4751,5111,6824
6863,5587,3937,7979,8047,5398,9689,4551
8453,8127,3837,6583,6414,7676,2657,6523
9140,745,4170,655,4962,5141,6667,6193
1657,235,6090,3605,1555,8393,1180,2296
1900,6397,7304,3388,9706,2908,6647,1729
9664,7005,7813,1502,1545,1104,2874,7877
7286,7243,8665,7565,6860,6333,8579,4619
6629,157,4854,6938,2845,5380,9362,9687
2610,6139,2478,4304,2601,5651,547,1949
2901,2791,2831,1482,2725,5206,1628,9966
1782,7531,2645,1889,4768,7782,8474,4542
666,1075,4094,7512,2597,3952,6915,6136
2194,3319,5942,1322,1997,3864,837,1816
6367,7953,4268,8858,9613,4719,8293,8792
848,4022,9675,6510,8261,1034,3411,4014
2191,1611,1461,6011,6858,536,4420,1869
2914,9710,9307,3717,4713,8966,1701,2389
2374,6735,4245,2307,6381,1766,2761,3841
5930,3902,5119,9064,9748,7936,4121,2309
2863,8787,1749,2054,6365,7825,7164,2843
1856,9552,7252,3141,1932,5954,9185,7189
9637,1468,8436,6855,9433,3441,4751,6517
1791,5257,9856,9170,7390,1902,672,9649
7069,1217,2277,3211,5680,5055,2401,309
9924,4055,7865,7455,1822,4406,1232,2840
9665,3892,9402,8439,5533,6993,2192,1700
6290,5664,1133,38,8596,1447,7735,1055
4361,2166,2788,3427,3943,7005,9555,5267
6155,2888,816,6168,8008,2034,9047,6975
8597,8906,3255,4183,8707,8270,4348,4419
1162,4804,8455,3012,1183,6769,2044,6559
1900,955,286,8503,6553,8766,5795,6249
1900,7548,2108,562,5830,2844,144,8954
1308,5820,6072,2101,7754,9924,6841,5473
4510,8833,1237,2153,3004,2217,8795,5109
4243,9826,4578,8794,7375,8036,7633,5132
3848,4794,1100,2013,3703,3340,266,7256
4596,3254,8354,3934,5396,9517,2676,228
4623,9660,4419,3956,1117,783,8546,8332
6260,1443,627,9693,5537,4820,7918,4245
9041,5796,1959,339,539,2079,6687,983
8420,9547,2743,3658,281,6768,5044,999
8564,8081,4221,9064,9980,9313,4034,8058
6466,3124,9846,596,135,2529,2769,5504
1900,1831,8066,1294,6897,1794,9179,3557
6634,2152,4123,7266,5831,5456,5570,7797
4572,9199,7775,2866,717,2894,3645,9902
2054,1051,4935,4748,7351,8186,4935,942
9288,6868,3657,1939,3589,705,1979,3088
1808,4764,1030,9149,6633,7243,5014,1500
4031,4946,180,2162,4787,9750,2478,2524
1721,5545,9544,5156,6054,2193,8173,9132
1900,528,9562,4693,7382,8886,5802,7764
2300,8793,6063,6082,4933,4572,5399,9392
4103,4117,920,46,3114,1809,4982,1025
1900,718,5743,5823,515,2658,2177,1205
1076,7790,7417,6474,6886,8850,5172,7691
8038,2382,4714,636,6205,7947,2015,8447
7199,3600,5946,8505,7142,1498,557,9027
1900,5986,8036,7353,8241,1186,7754,3626
6484,2385,2534,6094,8389,4640,9882,8549
1900,5375,5018,5750,8786,9689,2219,1865
4591,8883,4233,3918,6504,8666,8262,4469
4114,6195,8046,3283,3408,296,7494,5543
8121,4514,2040,4248,6769,3343,6160,1589
935,5708,9347,8511,7376,3990,855,747
5322,1148,4827,6703,1488,2361,8544,7268
3682,2258,8482,7521,7133,995,6969,5471
8690,9270,8681,8397,6934,3628,6479,7812
3597,2746,8861,354,3051,275,4114,8805
2747,3200,4372,9044,1271,6202,642,784
900,8469,1140,538,3740,5747,8936,851
1900,4622,2664,9174,234,6911,3145,5407
3564,688,2011,8481,9383,5682,2333,8465
4215,2762,5164,1371,8479,7045,1642,7380
8943,5441,9249,3500,4141,6328,5235,8025
4033,263,6645,3869,3398,2555,910,12
7369,9113,5926,751,9408,1376,9574,1781
4209,4613,9666,1432,2721,6665,8524,1207
4503,5645,1987,7127,1357,2678,4122,4269
92,888,6213,3052,8964,3205,5734,6502
1921,8003,6769,8115,5074,7255,7549,8106
1900,3389,5147,6123,3517,4207,6807,9582
6269,4675,3139,5497,1084,6798,6525,2431
1900,5990,2452,4517,1780,8020,6655,7140
3075,8734,7877,6625,7116,1567,5045,7329
4509,6974,4502,9645,9878,9367,2812,4407
3102,9239,9079,7706,4837,5246,338,9108
2716,1004,9352,4587,759,6550,9623,5765
2897,7697,9731,8283,3428,5762,375,8460
5576,6246,9471,2453,2527,9201,9200,4026
4090,8190,3849,8945,6389,9508,1989,8440
118,7698,8094,121,6311,5037,8341,4483
5888,8505,1376,2829,3582,6639,1750,607
4489,6178,6945,7232,6650,1168,4942,7632
4102,3183,481,6385,365,770,2767,9973
7971,6326,7106,8495,1698,3788,3388,6142
9913,2350,341,6551,1639,5100,3947,1127
5609,5533,3160,9189,6539,527,348,3414
4658,5504,5739,320,7044,1417,2898,8808
437,4901,9282,4597,4734,4037,8086,8366
1678,6688,3528,6977,7810,3741,7951,2512
7077,1039,3583,9577,3350,8294,8823,8013
744,3052,3059,9413,9277,7797,9296,4239
372,1214,4564,77,8194,7304,478,6593
2084,6678,5813,2956,6471,8858,3902,3996
3882,335,9191,6627,6205,1304,6695,7899
7367,823,6191,4838,9823,8111,5992,6562
6360,8182,3490,7098,3637,6799,5171,5026
6889,6912,7809,6846,2113,4939,6073,3702
7364,8261,7667,2259,928,8124,9460,668
1223,6126,5389,6494,3277,5762,488,8541
5151,1676,2696,6761,2490,2207,4702,4653
4745,1539,5194,6679,6385,7501,3612,9813
9888,9921,7244,6135,2042,6837,2021,7993
8778,2229,352,1217,7211,5117,9141,8092
3753,9974,3645,6481,4083,6279,2726,7433
8068,719,5799,7931,7172,5816,455,1838
6326,9871,1540,4764,2610,2974,8962,5390
6522,1965,8357,6479,9859,5372,8399,6970
1429,4295,9102,5895,829,5721,6274,7278
4892,4962,6916,5679,1587,4563,3992,7194
4326,701,5659,8570,2387,5255,866,9929
9417,3632,3451,2943,2178,2815,4886,6464
9197,6411,6002,4872,8143,808,7502,8867
1342,1477,9287,5909,3416,9005,3594,9784
7399,4980,5263,2376,6419,7824,3425,9343
3590,3425,3502,2298,3691,6845,4219,1694
8898,4770,6222,2245,6012,705,2631,7474
7554,9757,7290,423,640,9410,109,7628
2351,5952,9658,452,867,5570,5219,6531
1900,8228,3589,5866,9602,3899,1607,1885
6596,2349,3173,4970,3645,2176,7979,2913
4971,3173,7713,646,8264,684,1773,9479
1772,5945,4951,4176,8522,1457,1036,2410
4199,6958,5509,9204,2514,670,2798,7444
8234,1082,317,1010,1921,6736,7216,5479
8651,9066,876,2920,8153,586,82,6867
3037,9150,6791,2758,3504,8778,8180,880
7488,5295,221,7343,7553,5748,9930,1056
2838,7952,5102,5361,6921,2969,5426,4744
9173,9064,5632,8296,2634,8527,5431,7210
2470,4770,5396,5207,1161,9662,8384,5668
2132,6479,5911,1197,3951,4868,9161,9823
8239,4786,3365,7295,3623,9747,6637,2144
2423,4583,235,5251,4995,1094,4285,9155
2743,5432,3189,2085,6220,5290,9430,8098
1797,1616,151,5071,5126,1938,1489,9473
6243,4637,9665,5469,116,4846,4472,7521
3871,7425,8394,1657,2795,1315,5160,1870
1900,1819,1692,7930,6743,9072,3896,3975
7957,6991,1519,3876,2732,7117,5033,3255
1900,6715,1873,3219,6231,1275,59,2169
1900,7011,1116,7802,5376,4669,1967,8964
7726,3877,6151,1425,645,5691,2095,6977
8716,8302,3231,2715,7813,7773,1822,9463
8877,7841,3309,5619,5035,5612,5859,9915
1972,5545,9250,6801,5246,4351,8501,6839
1839,8777,3022,9496,1950,5105,1050,3862
6073,1254,2789,9299,7719,925,7705,5727
1900,4331,8309,7353,8406,1980,4432,5268
1900,6838,4548,3072,9096,9314,4802,1995
8967,5550,1379,3225,3542,4226,6297,4660
3980,9325,7137,9009,6413,751,8616,2401
751,516,5169,8590,1509,6126,7763,3765
1063,990,2928,7071,5068,4622,9459,9912
3478,3909,3538,1106,216,1011,2805,5951
9587,1317,5658,2130,2315,4325,4453,3428
9955,3297,5025,9406,2873,1649,2824,4525
5034,204,9721,9534,8019,272,4266,6934
1141,1568,2086,140,1987,6173,210,6504
3739,6534,2452,4544,2292,5517,1286,9315
5862,8571,3126,1154,5551,7734,1286,4708
1576,9873,5669,4164,2940,9423,6720,9609
9127,6451,6717,6741,2463,4258,9732,3114
4770,5893,1450,4824,7758,8725,5487,9427
2046,4361,4149,516,5981,2145,6859,615
8443,4390,4602,4298,6648,8986,517,2523
4449,7683,8280,6184,9242,329,8287,4864
9157,125,6555,7275,461,625,7259,9593
5696,8285,1111,8324,4899,1454,1224,3839
7715,5190,2970,6562,1798,4516,8799,2313
1900,1239,752,8137,1214,9009,4261,4573
2141,1042,4545,5041,699,5996,3850,7764
8267,2813,9057,6414,5127,9766,2262,3130
6686,805,8471,3027,8931,9357,2151,4803
2299,7458,8225,5378,5115,3477,1099,9958
1555,7093,8083,5853,2267,1767,6540,6259
5005,2171,9380,8435,6907,2696,4079,7574
9129,6733,8349,5062,9659,1647,2612,7789
2224,3471,8018,6031,4018,9659,1243,9398
1900,2367,4078,5291,3189,8512,8617,9911
213,9973,6573,1133,327,5203,6273,9258
5240,6631,3390,1865,1058,1464,9706,8465
6369,1341,9197,2763,4403,638,9338,1071
5749,7789,1915,687,9582,3186,4440,2702
3868,1498,4448,3688,8315,9990,8329,3823
9813,6373,2889,9811,658,1703,1761,3626
1900,3537,1678,6084,875,7419,7284,5179
1900,1668,5114,6807,6579,7346,6279,5298
1900,4168,9672,6966,8937,919,4840,7556
5421,3194,2727,3037,6111,6832,2077,1830
6245,5447,6693,3597,7160,2228,383,2907
4608,2321,2430,6634,1054,6814,3143,7688
9856,1671,7530,9339,7319,3359,2225,8210
3311,6666,6026,12,3363,7471,4595,3888
4659,5363,9270,488,4539,3198,8046,4941
7456,5037,2074,6351,2867,4116,7553,853
5598,4044,1913,1193,728,2207,9585,6726
3129,1493,3829,6,3235,8815,5513,2875
6248,2544,4951,7047,4663,8508,3179,6060
1900,594,8760,5816,3919,1042,5645,9203
9028,7410,5110,8595,5696,5820,4763,9661
5645,905,2190,642,5476,7098,8029,5893
5426,1427,4785,7949,5558,8990,3727,3471
3697,5874,1256,90,7025,6939,3508,3881
7032,4215,5599,8369,2764,5519,1752,1416
1418,9065,9270,3691,7767,9298,4189,5737
4849,8861,9481,7224,965,3544,4007,4909
3989,2283,4271,7309,8408,5341,2229,3597
5166,9230,1931,868,4339,5911,198,3927
3747,5390,5552,1849,7297,7572,6708,9465
2219,8883,3342,187,6029,2507,9521,3256
5172,1309,4821,4078,1451,6046,9277,6547
3413,996,2408,6779,8720,9247,1983,7268
2035,1709,53,2830,7638,5655,9210,8735
2675,7897,5524,7932,9520,8250,3837,40
3094,1167,4020,9263,1683,8791,5380,517
7090,3055,8400,244,3003,1806,4695,6055
3042,3969,154,2105,7210,4728,5590,3068
1900,2720,6265,508,7170,5574,7285,109
8044,1300,7667,3327,4166,5254,2799,7266
2248,8732,7185,390,2186,2703,7487,5788
5548,4151,3218,4844,6138,1125,7772,7551
5033,1867,4417,6356,3543,546,8629,6416
8438,584,8535,3934,3123,4984,4665,5136
8196,8540,5441,778,2014,1155,3043,9607
1134,1212,207,117,9983,8577,8648,6411
6196,9659,2221,5871,6473,4886,8524,4652
3989,8847,7240,1031,4343,6656,4067,8650
4114,8894,9614,7161,9651,7838,1158,6950
93,3771,3060,2344,111,9200,5303,9294
9397,7486,2903,2762,7162,6677,6927,238
9922,6478,1995,533,4167,8978,5436,5170
7014,6794,3342,1404,2339,6900,990,5569
4953,7846,1952,9654,1708,4328,7355,666
2432,7929,2756,523,3587,8314,5452,8452
9256,4365,7508,2479,8216,9332,5074,5746
1900,7332,8458,5718,3388,2527,6146,1931
8396,2460,5290,1591,4687,3753,3658,2108
1900,7112,5354,3357,6772,1570,8846,9140
1900,1896,6435,4199,1192,2272,4559,3269
5645,186,178,3971,1407,1240,8835,9168
3877,9382,194,3539,5458,3255,6997,2900
1900,5516,9238,8000,8674,9482,8166,8564
7040,9997,4425,2433,4957,8676,8386,7674
5787,3633,3674,9261,5421,423,4886,9814
1282,7262,3830,5488,4975,5586,4046,3119
9732,1428,1941,3628,3919,5010,1112,9843
840,2429,9377,1302,637,326,7545,1993
1900,7952,9678,7598,7225,3681,5579,2427
2670,6940,1725,1785,3375,7928,5199,3777
4621,667,1547,8087,90,6160,280,4035
5975,8407,8840,3087,5688,7500,3283,9192
5285,7934,8657,1966,2990,1480,3619,584
408,4271,5180,371,419,8586,8781,7023
3064,6610,3251,9024,552,3467,3169,9095
1900,8270,3732,2877,3473,5930,6583,5213
6456,9132,342,9444,5273,6011,4908,355
618,6858,509,4481,2617,6399,7908,5522
1757,5590,9786,9109,1977,3072,8554,7715
6814,3428,2272,7737,9113,6718,8732,8402
830,5261,5956,944,5724,7068,1408,6753
2250,9034,423,2485,4506,5922,7051,491
8674,4006,2535,8248,5343,4134,3235,905
1913,6192,522,7466,5980,2903,4373,9745
7705,8464,2285,3018,6319,3887,7228,8506
1900,4026,399,1110,2493,7736,1983,5054
7574,4217,4215,9118,4159,4252,6518,3009
604,1445,3924,2223,8575,190,4515,4536
7994,1316,8541,5553,737,3723,2026,7614
4956,7241,7261,7812,8509,6594,5340,4075
3999,1116,3442,6110,8672,5791,8309,2532
9099,561,8307,6138,3947,7962,3119,4617
6589,3454,8373,1651,1298,7378,7918,3871
8858,4048,9987,4389,4961,2283,6527,2181
5156,7001,9525,8587,5288,9839,7532,7613
5113,6025,3211,4684,5833,6361,1038,5276
1900,6231,8607,9474,1430,2821,5300,9631
6575,9317,4897,2021,6448,6757,7455,9579
163,7495,7102,3401,8045,9535,9109,1572
2869,4552,5369,6452,2792,2546,183,529
9842,7345,9583,7954,5228,1163,5249,3693
6078,1818,5450,8387,5341,9749,2787,8193
3326,2913,8010,7946,8620,6179,8034,279
4318,81,5073,389,8412,854,8627,144
3389,3726,8289,3132,9265,2662,3188,3644
7885,7495,7011,1061,6268,5903,8011,8110
6628,6993,7170,9088,4383,1351,8014,1961
3318,3128,4489,9424,705,9003,1763,2885
8107,8661,5859,9047,2301,5489,6334,6640
2013,4759,5047,4594,9865,2754,5316,7108
1900,2439,9973,1029,3291,4720,9277,4402
9589,4034,7224,6751,9676,2163,4084,4401
9360,6252,6312,7011,5692,8338,913,4581
1900,3975,7446,1741,7798,1836,8153,5765
4532,2589,4017,7954,6787,1335,7683,4561
4855,4135,3570,7073,1050,7236,5361,8668
7274,5012,7410,2313,6712,8109,2128,918
5371,5182,1739,2892,5412,7092,5547,8930
7960,3528,9497,5248,2436,9446,2822,9640
7013,5351,5005,1284,1057,4171,6838,2976
1900,1984,4478,3167,2373,4669,7139,8141
7778,5311,2470,2917,4646,7110,5192,3356
3720,8587,3816,1194,3635,8861,3015,6247
8543,4709,3097,7967,183,7819,844,4926
7796,4402,1714,5519,969,3904,5352,3068
9874,8097,6170,3884,1487,844,2997,4712
4640,1209,1618,5930,5548,5135,1961,2436
3816,7537,4577,8511,8527,4154,5733,6087
2779,8646,4668,5301,2127,5335,780,8324
1888,8821,1504,8030,5416,1531,9218,3418
1737,2520,8938,7825,5122,5917,6640,6297
1384,2028,9414,8182,5129,8311,6257,3986
837,7247,4890,6601,9429,6717,1095,8607
9995,5929,8828,1525,9158,7082,1925,1801
1509,6343,5202,3969,1787,5715,5203,4199
1900,4846,1839,5989,2330,3673,5785,7258
9645,2874,2947,9014,3504,514,5841,4381
7506,8523,272,1546,641,1716,2526,1159
142,6974,3318,7588,1382,120,6213,9492
2234,3447,1645,5247,4461,8866,7961,6591
1900,4110,1155,5039,2038,1782,2298,6135
7586,1204,5200,8820,1363,4223,3181,4312
2272,9851,2083,9896,3217,4896,7745,5021
1055,7498,8843,521,3792,6058,1164,5328
5228,1715,9454,1356,6022,9450,1540,3254
5537,9011,1105,6825,8425,4520,4359,3429
913,7638,9295,44,638,6998,4858,8520
3649,838,4549,5467,7047,1723,5575,1177
7495,9188,5670,6786,5907,1268,1953,4396
6694,9183,4598,5583,1056,6440,5740,6403
3586,8318,3004,2468,5728,4205,3189,7371
3246,3349,9227,2731,2257,1304,7298,6806
8045,8506,6056,2464,6619,8749,6675,9493
7469,2050,4794,1871,8575,2617,2957,8509
1901,7457,3138,7944,4763,9738,8250,3416
1959,9914,8189,720,182,6676,6202,419
5850,2341,9885,5894,2147,7960,9138,7144
67,7136,4677,7439,1502,7867,3715,6883
1900,6577,686,1826,9360,3550,9672,6243
7499,2098,257,7390,41,4142,3573,1956
5112,5124,7538,6078,69,4618,8114,149
7940,7554,4985,7726,1356,5910,582,4136
7158,1036,9133,6380,5846,230,9559,4698
9987,2989,9969,9495,4412,6212,4959,1870
1900,8016,9732,4496,4592,3819,3629,2473
118,7758,5348,6142,865,4012,2838,3794
1900,1394,2991,8687,4359,1102,3555,5249
7162,367,7538,9363,5873,9176,3938,2622
5573,4363,9218,2640,8204,2961,9185,1142
7109,537,5134,7917,1046,3731,5103,7818
2003,3198,3986,8960,6368,412,7745,4164
1900,8639,1349,2827,7820,1085,8592,7322
788,115,1408,5089,3313,4104,9320,1643
113,1745,1505,9324,808,4211,4019,2789
4115,5315,7363,4038,6158,7809,9758,1851
7805,274,973,1301,1781,9756,2263,5105
4127,8682,1583,4958,3587,6945,3753,7274
2939,4799,3110,4662,9945,6071,1514,2746
6128,1137,8654,3938,7308,8488,4640,2686
4079,3890,850,7093,8844,2755,2809,6160
743,9537,4167,5835,7995,9270,8344,8259
7590,4248,936,5893,8463,3223,9383,749
1900,975,3928,4627,1754,2657,2569,6276
8684,6544,8517,3085,2711,906,6897,8929
2795,9015,6075,704,1400,9184,6098,8068
1819,7335,2390,2485,2622,1613,6835,9350
4060,3130,8378,9206,9929,9870,6739,5267
8023,5271,2484,728,3014,3348,7361,8205
4830,7254,596,823,4294,6086,8107,2698
9034,7403,4570,3985,241,5028,4623,2577
3787,6804,1475,4250,2175,9318,4140,6346
3596,8849,7646,1625,6097,1872,9457,2704
9801,1609,2774,7353,7316,9603,4188,5221
2908,6808,9317,1456,8002,6951,1881,2169
4055,4806,7949,9441,2505,1945,2402,4275
9547,3778,1505,2024,5917,2894,7308,4677
2261,205,4305,9433,5435,129,1200,5148
9908,6224,8502,1712,652,7813,6245,3851
3854,9651,2872,9079,3435,180,6510,4801
8648,7558,7216,5328,1727,1424,3919,8298
7803,1470,5413,145,8398,2120,7917,3085
932,7396,1267,4394,4676,9799,4568,4607
5591,2865,6997,3639,5203,8488,2074,5453
7122,8586,658,2549,8292,1106,4284,7424
4883,9850,4294,9802,508,230,7820,7919
8311,1843,6974,3869,4638,7471,4911,1846
1897,3086,1276,7721,9841,6395,699,881
8319,5503,6716,5897,7084,9662,5372,3048
5261,5983,5452,9635,4515,1008,6203,9635
5813,3940,7997,9158,8660,4236,2472,6033
1900,3948,2268,5368,6158,7027,8792,5167
8955,3843,3381,1884,1843,720,2140,2925
165,5920,8553,1896,4376,627,5874,52
116,8058,5671,7426,1757,2809,1123,1879
3485,1144,7698,9700,7801,3623,8212,6913
7478,4135,2643,7908,3865,7459,6340,6659
7299,1256,4373,9598,1546,737,7198,9930
217,8029,6767,6229,8780,5067,1893,4954
6376,7176,2506,1557,9657,8222,5226,7605
2695,7306,4612,8363,1033,5697,1985,2607
2482,4180,3561,3620,5718,7394,2539,2616
4915,5353,2522,3156,2398,6184,6772,5423
3831,1655,8025,887,9548,3762,4219,9501
1900,3276,7258,7780,51,9760,8636,35
5612,8803,2898,8482,5264,3279,1472,157
7786,8860,950,9574,3924,7468,8833,689
9720,3890,8581,5069,1327,5078,4433,272
4672,5691,6090,1323,9097,8201,1859,7241
9474,2816,5695,7109,1045,9717,5551,6835
1958,2003,5504,4760,8111,2424,9609,7362
2132,1437,8894,9070,9658,6295,4684,1079
3281,154,6813,6876,9853,5290,5262,71
6183,5361,2366,2439,5731,3741,9778,3203
4003,7663,6625,8793,9242,9979,334,305
6184,8586,9565,3693,7532,6305,8173,5705
1900,8897,4207,987,8591,7000,6635,4124
6552,9837,1732,1180,4186,4290,2166,3432
4591,7192,9317,4448,1570,8435,7449,1545
6306,6216,261,1727,6156,9037,7523,9423
4175,8991,5060,3621,3155,4383,7264,3279
9913,7952,5626,4902,8342,1569,1506,1501
8133,7309,7894,4865,3502,7280,1607,7862
4915,2497,3971,2788,3502,626,451,3825
9855,7945,3943,6420,3415,3352,9501,7473
716,6695,1187,9978,6705,6317,5883,9269
1900,7015,4108,6381,2778,4881,9287,7347
8777,7275,9920,2136,2461,8511,7219,1059
6492,7744,9584,8554,8306,3960,2469,2242
1900,1923,5936,3000,6390,9127,1470,4410
1088,1968,3693,4790,1467,6533,9904,3857
2417,9039,65,7683,4345,8531,2029,7809
7075,3242,1558,7700,9049,8380,9855,6680
3341,4853,3293,7723,1146,7083,1038,8762
5944,7799,220,9203,3801,9038,7343,7364
1900,8028,4665,4610,611,1598,2438,9673
2689,4854,9657,8546,451,4555,2225,6590
2253,5685,7197,8193,4314,596,5549,9808
6480,3004,4478,3441,5337,8617,4109,5939
6551,2466,6893,3545,8773,3687,1368,7034
2513,5926,8955,1651,686,680,2707,5677
6045,7522,578,5369,9772,1726,1187,6959
1988,2607,3980,7996,7462,3252,5590,346
2867,1506,4043,1403,9895,3918,7249,436
9077,4469,8053,5126,6820,2958,2759,9985
220,9630,8720,8601,2865,7283,5882,8916
3262,7060,6189,5499,4700,62,6466,4185
1900,6871,3989,5250,6140,3826,4298,5093
1253,3640,599,2914,876,4827,4321,2117
2928,3328,8076,9023,9247,2423,6963,6426
8162,8595,3854,2178,7723,723,7962,6683
8514,4710,9531,8350,3247,5910,6583,9799
2356,8422,152,7163,8308,5305,8375,5634
2068,2512,6986,9597,279,3816,2694,4002
7664,369,9233,6877,7776,9709,631,774
305,5617,8532,3172,7089,3229,3466,5285
3341,7843,9991,656,7156,2123,7687,4426
5941,5354,4946,2580,4888,2247,6446,5688
6265,1297,613,5352,7612,3100,9607,174
3110,7354,9539,8678,5111,6269,1172,2359
1900,8812,8557,2992,4791,4131,9299,9575
6491,6776,3547,8899,5546,7416,934,2672
5015,2043,687,5343,467,4845,7983,8697
2212,6395,1433,7324,5584,7866,7784,8471
1432,6549,7599,6465,231,1580,4469,8820
1951,6773,5905,4462,4549,1745,4349,8898
6290,9230,1462,908,4887,2540,4831,9633
2721,2170,1736,6433,2817,6418,6866,859
251,2060,9531,2183,4457,7451,9007,2183
6637,9222,4045,9490,8378,8082,2812,9448
8405,6497,2228,6638,2262,1743,2119,5291
6508,9296,8927,8754,4160,3236,2574,3120
2993,8904,6994,7761,9382,9384,7902,4409
521,3574,5316,3472,9832,3699,4667,1228
1900,7644,9772,8807,9345,215,1260,3750
7542,7069,6644,8971,1061,4021,8591,2250
4093,6366,8481,7746,3587,6650,7692,9561
9590,3079,4633,1730,8976,3101,6301,7177
4046,1816,5560,7371,5138,8663,6287,4877
3287,4949,9530,7248,8025,3471,5759,8665
6586,1048,9804,6144,1129,1299,3153,9280
1900,5487,4416,8898,1112,7320,105,544
8704,4618,9367,4036,3547,78,8554,1096
5848,156,9377,3515,2604,2355,351,5062
5111,4584,4597,7469,8103,3001,3633,4323
1391,135,9313,8220,8604,9992,2498,9974
7418,9839,9817,2602,8274,1482,2729,6609
8126,7334,7040,3637,5170,2695,7086,4422
4489,7064,4653,4035,9384,8513,8109,8303
2069,5498,3037,7772,2738,6748,835,8940
2260,778,2599,1027,7162,6354,296,2178
1900,3883,5950,2361,9430,9397,3998,8099
437,2458,1122,187,9010,6330,432,296
3139,482,2009,1862,7261,4938,2595,310
326,4062,8317,9855,8474,9547,7121,6076
4011,5094,6991,1808,4150,159,1160,8522
2211,4095,2917,150,4176,4112,225,3667
3055,4340,5259,363,4530,8259,7289,8968
4144,8375,5951,4311,6028,6153,2359,8860
1049,6002,6809,4947,5020,1582,3735,8993
6244,3640,9617,6611,5998,290,5308,8958
1900,7668,3782,9175,9675,949,6387,3375
9510,8775,5772,7003,9507,1594,1108,9516
2511,3503,9099,2061,8426,9132,6216,5764
3681,5098,2405,5490,7248,6007,664,4755
9514,2583,8824,4233,1411,3940,9551,1930
2546,1826,514,8881,3837,675,167,7750
3998,4507,4744,74,6573,5390,8359,1356
4648,8888,625,623,2061,9650,2149,3642
4685,346,5519,7427,4791,3382,4256,6569
179,5570,5427,9997,4525,8315,6770,7983
1900,4722,623,5283,3644,16,4740,2028
5854,7672,7978,529,4893,9197,8263,7750
3356,7086,327,1871,1376,7441,6903,6712
1900,7405,4167,9052,3326,9260,7812,8661
2369,1974,2539,3480,7594,1666,3975,5123
8677,9116,5820,2711,3767,5497,8542,6276
32,6635,8753,6202,2860,2693,2460,3094
6439,6801,1037,296,2136,1013,5900,7517
2673,4009,1504,4465,439,2968,8989,1385
5194,7061,4807,8044,2750,2613,5062,8940
1900,6509,2915,4490,5481,2268,8313,6116
4145,4232,7698,6865,5492,5622,9737,4916
688,8174,3334,4522,7102,9840,2391,7694
609,3593,3783,8287,1739,5414,2070,6731
6265,6080,9245,1715,6775,6773,9016,1788
6101,6935,6643,3375,9393,1507,437,5452
5895,8539,5439,1755,5209,7957,4498,2398
5844,47,5986,6060,6334,424,8551,9292
9773,841,2300,3900,8164,7680,3602,568
4520,9262,7771,8127,8762,3130,8643,229
4343,9579,2547,6458,1492,833,4598,7700
8350,5094,6217,8077,2033,1448,6127,1846
1900,5961,800,8732,284,6291,6380,6076
1900,7226,573,3977,8431,1474,3408,6064
6481,5967,835,4074,8146,3227,1183,6606
1900,7631,2378,5691,1157,8853,2270,6630
9696,9994,7562,8409,6547,1822,1119,5903
1309,9642,590,8393,1355,8218,9817,712
9773,756,3757,7241,5984,5980,1580,2775
4238,1783,9606,5771,7584,371,2370,3912
4354,9641,5198,5989,1182,3573,2859,248
9191,4207,5416,6842,569,1732,6520,8451
7898,2538,747,8890,4361,9487,2428,4438
4640,328,4382,2588,2401,9505,6602,7171
4051,5775,566,3715,7173,6027,2352,6499
4731,2608,9968,1131,4872,4781,957,4404
9404,5135,2026,2082,618,5230,5787,8413
3866,1511,3924,7215,6649,9167,6693,2517
4135,1816,6386,2428,3346,2683,7900,6593
1900,9257,9204,2343,9370,6701,1808,7734
8609,3525,892,1141,5159,7001,6333,8289
1900,7184,2034,5458,5558,4767,6842,9483
3730,5362,927,822,3877,645,6587,1208
7796,9992,4960,7984,3370,9239,8577,8579
785,7423,7740,4751,6492,5521,8799,372
3696,3875,2907,7628,9076,5222,7350,3878
2455,2294,7547,3496,6762,1021,815,4059
7038,9702,7824,9084,7460,22,62,7170
8893,2241,982,3093,7570,4106,1496,4532
4283,3105,6804,1449,1964,247,7866,379
8257,8095,7834,9696,1456,5366,6069,7077
7426,13,6567,8530,238,9108,2740,3201
6303,3522,2535,190,3484,5727,341,1638
8973,3658,3803,1815,3921,4618,8000,7332
2676,2303,9287,5584,8922,7306,4060,6373
1900,14,6813,5471,3722,9174,6216,4827
3323,1457,5849,5158,8917,9914,9865,2946
4561,1245,2798,4536,4042,3873,6000,6465
2473,5624,5458,5345,8463,9992,6607,5911
4549,5800,3881,3199,4346,4431,2918,723
3821,6657,604,5848,6209,779,3589,6370
9229,8038,6506,9494,5515,8620,4464,5648
724,4747,8291,7110,5138,9302,879,1022
8093,4631,8290,7882,5428,2110,4804,3012
9711,7305,874,5741,3986,3745,7995,9726
410,4787,6959,818,2940,6932,1961,8301
7139,5764,3626,8921,4111,9596,727,8497
5739,910,7018,7289,7919,3325,752,6892
1900,7989,1870,8064,9594,7915,5261,153
5731,4590,7334,325,1563,9709,8362,4790
1900,2744,8121,1451,5507,7723,8614,9486
4626,791,7056,3165,4171,6042,8384,2628
359,6889,5574,5077,1819,374,6625,2699
1900,7036,2861,9430,5533,6616,6526,1454
2819,4593,8797,491,425,2953,5807,6628
1889,6454,5793,7300,8117,7936,4515,5785
2434,7303,4738,335,2963,6692,8057,3943
9926,6029,6148,2070,8476,4157,6614,8591
1900,2253,2446,2263,845,5618,9032,135
7756,2322,2108,3893,4353,3886,7666,7157
1900,2729,8010,8601,1420,7220,6338,5067
6479,1049,5247,1669,4235,9596,5610,9995
2087,845,2742,4333,2033,8085,8650,9031
1346,6702,8959,3663,9736,1308,71,3275
7120,6990,870,9307,9914,6730,7041,4784
9085,8647,3695,6095,3989,8470,8191,3420
4649,4213,3839,6208,8292,1915,174,5192
1895,3392,9820,9690,6605,2160,684,7687
6081,7020,572,3729,2288,5482,7401,8136
5265,4851,3763,818,8754,8995,9062,6900
3738,4609,8202,6553,7143,6368,1823,7039
1503,5643,7637,8227,5269,8390,7044,9484
6994,1075,1279,9968,6592,5592,8555,665
6935,9007,1571,9927,2732,362,832,4259
8153,7893,4810,9798,2862,7240,1432,4706
3744,7474,8552,8203,4378,6469,8709,9665
9001,7971,3188,2881,6476,9393,1779,3580
2484,2694,432,7496,8223,9136,3058,6815
5999,6983,632,6107,6219,8752,4985,2664
653,62,3747,6418,5172,1951,3790,2011
1900,7854,123,5232,8015,5837,9805,467
8750,8268,3582,2923,4110,9387,5002,9119
2353,9431,1616,882,9202,5485,2962,9211
9952,1136,487,6628,9016,6695,440,1960
7006,5385,2902,8004,3520,7963,2114,3805
1900,5054,7639,8517,5472,8127,2310,2544
1900,4525,6221,9366,4502,8806,6987,6851
5067,68,8491,6612,703,444,5171,3960
987,1414,4638,1886,1519,5901,6073,8180
2249,9459,6278,9091,4650,117,950,8371
4864,9206,5,9862,4670,9452,7970,2332
4499,107,210,5421,6536,1548,8487,9429
206,7296,5084,882,5840,9294,6436,1177
1900,1736,1842,7016,5148,3437,8967,6087
1900,6417,1970,1707,6534,9469,7117,4915
3475,8985,5764,1657,7951,1885,2146,4815
812,5928,6513,235,2809,21,767,7394
1900,6829,2849,7085,6004,3222,2699,355
3083,4561,8887,2937,4109,644,9343,9067
2554,3767,5260,9486,3324,9210,2735,3875
8329,4632,5055,8058,8295,5075,4175,9518
2341,284,7345,23,4196,705,2226,9437
6774,1013,7612,4168,7837,9198,250,9661
1900,6072,1400,9477,8935,4322,8697,1896
1900,87,6554,5732,1097,7872,6608,9159
8156,169,939,5362,6629,9918,6450,9833
2751,4509,4507,3073,4580,3234,6111,7391
1900,9335,9887,2113,6292,4146,7961,7995
7881,9417,2141,2295,7310,8703,9675,5753
383,3976,2886,9540,2268,9432,8207,6726
2207,2006,6050,3804,7815,4472,931,8094
1900,5259,103,841,737,9261,6068,29
6283,3152,1392,3462,3676,5918,8926,5856
6750,7305,6194,4247,7365,9675,2887,1495
1900,8950,8560,8444,4935,277,3265,7055
6543,6384,6714,4192,253,5973,6302,9190
8851,5607,481,9548,5306,6563,7988,248
3134,932,1398,7530,6632,3219,7215,2966
1900,1752,945,7121,2504,1313,6583,3821
1065,3746,9373,1927,6136,902,5318,491
2787,4638,9509,880,1853,6224,9064,4616
1900,2771,9739,9359,5239,8382,298,3841
4106,5452,8835,5850,6616,7062,851,2156
499,70,6563,1888,8016,734,9423,3442
5326,5823,5614,1310,5564,9812,6777,3956
3496,5933,5562,8732,8404,5455,2353,4091
2411,7536,9376,9133,9541,5104,4531,7830
4492,2297,7533,2469,3988,2359,3965,6544
1900,8948,4006,2180,1197,1783,949,9132
9087,9468,2668,5833,5449,1309,5926,4841
5163,3679,6193,1787,7795,3913,4226,7987
3301,50,5563,9600,4703,6004,1356,9354
446,215,5949,2641,3630,7616,7794,591
2781,4209,5877,3747,1276,7269,6189,8140
1144,1032,6767,840,1829,5443,3426,7816
6607,7960,4420,5769,8053,7779,1312,9704
6131,6175,1619,9687,452,1492,2898,858
9765,1975,8927,7695,6489,2660,8333,9937
4927,67,244,2857,5190,2519,4898,8574
7290,8382,8065,303,6279,2362,9575,6096
6189,715,4635,2518,6485,6788,1618,4601
514,2272,9643,1647,9575,6268,7928,1816
3852,5993,1442,211,589,7350,7570,2779
7443,8356,3042,625,2017,7041,5041,7088
2841,2226,973,256,5587,4686,765,8788
1191,2122,9276,3835,1020,3614,2223,3804
3558,7911,9003,2272,6917,878,6456,8707
8677,2065,110,9635,1044,2970,2897,4113
7433,2899,6781,2479,1197,9567,9779,792
3001,644,1313,2403,5264,3882,4544,3928
2419,8220,5736,9238,4053,2517,6207,5159
1120,7024,5888,8211,389,5819,8297,7166
8078,2026,4252,9010,5584,3931,2450,379
2398,293,4434,7487,7197,8081,6529,1216
1141,7194,8570,3329,7919,7388,8578,3794
2609,7192,7711,4695,2217,6180,2864,6551
5760,2960,4749,3700,1682,6242,6427,6348
1900,8131,5300,2698,7439,9708,3924,229
7420,7460,4024,1199,9409,282,926,1995
9718,52,1210,1244,6726,5164,5899,9752
4590,373,7363,7018,7911,4817,9735,1708
587,4627,9192,465,3735,2979,5306,3565
1900,3892,4014,4758,4783,9234,3940,7511
8689,8540,9702,7152,2380,7822,6176,8962
9217,6810,5708,6876,6888,7166,3594,39
6735,8350,9951,7747,3952,7280,9267,3876
1752,83,5223,9727,3206,1682,937,4428
4990,1673,116,8297,7557,7222,2979,8906
3907,9485,8512,5033,8659,6858,8604,262
8109,3602,2972,1257,3126,1703,5642,7163
6395,7350,9730,6486,8730,968,6360,9013
3640,880,3357,5146,5781,3665,9053,7853
1108,8682,7547,1070,4490,3390,6591,2032
4734,2839,5148,6111,879,4610,9785,7331
1900,8484,7050,5106,4234,6595,1329,9532
2168,3972,6848,876,8903,8954,8977,9638
4520,5646,4683,3730,7060,9833,7588,1282
1900,4852,9206,2440,7713,5851,259,342
4639,4909,9765,7341,4140,3372,1720,4040
3012,9321,9299,9923,7842,247,2394,3060
1900,6233,3951,6131,4522,2132,9744,6961
2002,6055,7492,8492,3469,798,5975,9073
5407,707,3568,7436,4877,5891,4317,7983
5322,6597,6977,8394,2828,3657,540,2730
4945,9488,8626,8713,9950,9117,8570,5054
8098,941,9769,871,5576,803,7674,9912
1519,954,3916,174,8820,7047,6899,2425
5225,556,4808,8434,4393,901,8929,4745
2144,5134,3540,4878,3670,2420,3278,1518
3693,7231,9328,8006,7254,8148,3870,8322
4666,780,4308,3841,4230,8022,8936,7566
6904,2901,7226,497,2604,7631,7819,5129
5398,9734,56,3029,1431,1549,561,8370
871,4644,9644,3556,9177,4286,6816,7941
5603,6366,6369,8311,7941,1757,8749,1705
2306,1272,5427,8548,596,5793,6003,9206
9166,8256,7869,6989,2206,5163,3874,5895
3952,4118,6523,8762,6932,9126,9408,5988
4081,8187,1214,8913,2465,8380,7223,1570
1626,7336,3158,2518,4188,8450,1429,4746
8872,501,8792,9269,622,9126,3918,9622
4298,1297,1998,5622,6858,693,4162,8872
9490,477,6084,6177,5879,8097,4231,3825
4288,8860,3457,4614,8635,1581,3621,4370
8648,9561,44,2986,6374,7197,1131,2685
3010,96,751,1846,6684,4382,7784,7986
8697,1353,8817,9485,2407,9477,9115,1866
6595,2006,6851,9239,5235,1860,7529,2364
1496,9999,6702,8652,693,5616,5350,3818
100,5905,1175,3227,1524,2153,2275,20
2078,9282,3375,6308,8784,788,6103,9476
697,3685,7736,5832,8274,628,5201,9585
6885,8905,578,288,1093,6511,3493,7802
1894,4704,1194,9391,6988,7609,8812,8162
3958,5273,7132,4558,1198,7730,5553,5712
5809,293,9459,4477,5132,7993,590,5608
5055,3004,3642,7355,4489,7002,6956,4525
7437,6216,3124,7330,8317,9744,8370,910
7939,4097,1700,4387,4340,5812,302,6541
1238,8602,5176,4278,9110,2070,6401,5582
5023,2818,350,4404,4178,3875,7355,2611
2237,1458,1578,9084,7985,5870,1326,5858
389,7295,3096,1479,1018,2332,9564,7449
2593,9262,9835,6430,499,657,319,615
7600,8845,5562,8975,4624,7119,2783,7755
197,4826,3817,1993,9675,3344,2157,4947
8404,961,3712,7029,2894,9594,4166,8606
5663,6886,6579,2816,1244,2521,114,4601
2909,1545,7116,7565,2465,1863,2444,2845
7776,1126,8473,9613,2349,8776,7974,7750
1900,3556,5034,711,4238,5080,7389,3347
7380,8780,6020,1260,8810,8369,8694,2882
1323,5744,3129,4353,2931,9632,4069,3374
9305,9261,157,8221,9202,5116,4741,2592
1297,4354,695,9958,8582,1854,2156,8582
8780,3382,1621,2505,9199,1892,9921,5915
3855,4370,4438,6930,9516,6179,1130,3803
2259,7175,6533,4881,9951,9277,6570,936
4930,6677,939,1788,4962,1408,461,1276
6988,4046,6496,5993,2537,7331,2878,2115
2287,5122,5332,6995,4838,9493,2296,3767
931,8060,6433,646,6979,5947,7149,2057
3307,2755,5974,7141,5270,8028,7296,2324
1900,7084,3822,5523,4955,9456,3689,7098
9039,5573,2277,8341,7047,6380,3085,5843
5080,3276,2279,9922,6215,7802,4017,6032
6706,3183,5718,6653,4634,5368,4328,5758
3712,4005,8117,5455,7403,2737,5024,6091
2296,5874,4144,8435,282,1562,4055,5153
3566,310,7625,2893,3332,4675,6299,6902
6891,1820,4856,5200,4280,8952,2013,5574
7046,4195,5184,3089,8927,6718,7155,9505
2213,7027,8763,3055,7860,9068,9381,6383
1900,6748,6994,6903,1396,1154,5716,3846
3368,3678,4939,2036,3922,7394,4202,9267
5150,6323,3048,4135,4372,2068,1786,7380
552,3968,3931,6913,7105,7702,1037,8581
5040,6071,3751,8140,3379,7406,9980,7916
117,7565,5788,7645,5907,7548,2755,624
2912,1806,5470,6591,9804,7850,3767,3391
4607,7737,7983,4350,1995,4749,3041,5327
3560,1246,6286,9438,854,1847,7883,2035
8318,2001,2934,8338,7701,2917,5053,2179
6678,5059,3198,1201,9079,3835,1372,1484
4831,6119,3348,6749,7705,7547,54,6117
1299,2913,2974,6156,1141,5837,2305,8438
478,3054,2234,6682,2788,7001,9761,1346
9089,36,6996,4678,2271,8575,9460,1375
462,3922,2711,8045,3081,6012,5957,5546
1376,7413,1346,7133,9214,1287,9915,8612
9,5253,1831,8837,2938,7751,3488,2497
4718,3758,2154,4058,9177,2654,6240,7217
8573,3843,4395,960,7461,8166,9053,9661
2311,5756,2377,4614,7824,2048,4379,2179
6105,1990,3397,8827,6829,228,2169,6196
6753,1589,8168,8845,1994,4248,3584,3758
9086,451,5942,6308,5465,2167,4651,8063
6587,6962,6157,4436,5984,7998,8721,4456
6645,8925,3699,3737,4411,1551,2516,7737
5341,6904,970,3051,7534,3633,9441,4719
7755,3838,4142,364,7567,2444,4843,1722
3464,5033,1936,1810,5945,7985,7680,5055
9030,4076,1169,1199,8210,529,9212,8154
7998,7559,7932,446,9154,1527,190,1746
6730,7375,299,4545,5409,6734,5555,6769
1703,5421,5810,5387,1040,7114,6654,6054
3516,3278,2788,523,6313,7727,4024,7777
2832,8361,4673,8403,1965,2049,1892,1115
6503,7878,4429,9737,9172,9863,3847,4156
9837,8891,5770,8089,3523,5251,2480,1943
3922,1084,8010,4331,2842,1748,1849,9535
6278,9696,421,9738,7370,233,484,9152
1900,1885,9930,3288,5675,8911,3491,5374
8698,4863,5871,9592,1855,3500,4174,8311
8152,6319,2433,8115,7836,1151,8827,503
9243,6676,4300,6089,8532,4020,1174,1215
2236,8193,6853,8488,7995,7402,2954,4949
1900,9981,9298,1516,4431,8922,163,7548
9315,1465,3591,8709,7905,2755,3257,5668
8,2494,5679,4968,450,5331,9100,5182
2982,5265,5819,7020,7428,669,3105,4539
7257,6547,1202,4118,1644,4919,4688,3723
3926,5552,7577,2065,2638,4284,5973,6402
8656,3755,4829,2014,7722,9836,5379,4214
7905,2631,7335,4617,3555,1495,380,9977
5264,6523,345,7375,6896,6827,2699,606
4222,5062,832,7552,9535,6414,6956,748
8710,1375,494,3405,2673,4513,4454,9065
4343,2039,9792,294,859,3050,7842,2549
295,1425,948,4741,1214,6113,2306,4167
8045,4117,4374,5639,6237,6530,3286,2490
9977,3588,672,3923,2663,5286,8380,1512
4074,3771,8764,6004,6900,5555,7880,5641
3855,6787,3614,1155,8308,6922,3542,1147
9560,1265,2410,2610,3765,1189,1455,3943
6635,4742,5648,2284,9052,9712,1233,6388
8998,5704,332,5769,3474,344,4171,8653
9789,8059,946,1518,271,8398,2014,9536
7466,5578,7897,9903,6566,591,8193,4975
6901,377,1843,5277,445,9409,7935,9513
3542,2976,7771,9778,681,9608,8123,8971
141,9767,3166,4492,3841,9032,8337,7754
2759,2921,9753,7753,584,82,4665,8129
9161,9860,4402,3543,5359,7064,264,8159
5007,5338,7090,6056,7878,1330,3318,3310
7206,1785,1865,518,9933,3336,6039,4542
7359,9201,1224,4887,3097,4130,8507,4910
8596,317,396,4124,1404,7215,9451,3462
6818,6676,1351,4553,8367,8714,560,1728
8912,6846,5059,9717,7791,5160,168,7618
6148,3305,3177,7090,3509,86,6721,6476
8579,6167,9164,3249,5977,6878,4078,6534
718,2107,4200,7557,3349,6520,3680,6590
9900,6903,5952,4884,4918,1922,4155,3110
5581,250,7342,6564,2675,6139,6538,8078
4465,8170,871,631,7722,2604,8311,1837
2666,8552,285,2662,15,8200,1176,3240
864,7378,8619,198,1777,5504,6574,5441
778,8319,3218,7734,690,152,6769,412
2179,889,866,778,4141,399,2381,3176
5565,2904,6597,5649,3327,9152,6386,5810
6289,3013,5573,7161,8168,6906,4064,705
232,6777,3897,3201,9889,3970,912,2379
9407,5078,1774,2320,4421,2887,7537,37
9227,3690,508,6034,9525,5735,7717,1098
264,4760,8045,1936,7633,9600,9358,1641
6869,2044,1896,459,466,6743,2146,9219
4986,3435,5489,1708,7098,6042,2100,5882
2929,6336,7311,9821,9160,4067,900,7834
280,673,5098,8275,7593,1173,6432,8229
6996,2941,5772,8517,6691,9200,2207,6007
7379,3307,4701,9428,545,9669,7037,2268
3662,597,8384,48,3882,6223,3895,9754
1900,2566,3939,8385,6890,7363,8564,1690
8997,2221,7446,2421,2872,1951,226,4999
6695,173,2771,4937,9279,6144,6375,4887
1258,2523,737,3773,1493,5307,2209,528
4560,971,2952,2931,7977,8879,5358,862
2082,5195,1898,7906,4238,8547,7844,3557
3531,2421,6126,9388,4959,8947,8395,2069
1082,7753,1350,4287,1172,8676,7962,5201
1352,6059,7276,5742,6082,5955,4563,5193
7393,3687,8447,4859,8072,3644,2228,8935
3030,2790,2647,600,9553,9470,7674,7121
3378,984,9971,6279,4164,5398,3535,1453
2865,7076,4621,711,5636,7161,8560,424
7854,4255,8693,5037,9625,465,2636,3930
3649,2388,8959,801,2976,1462,1912,9550
1900,1409,1804,8602,7087,3953,7417,6591
1900,2974,7853,8594,6048,2986,4236,2808
1900,8612,4610,4655,7837,9214,5709,9355
2938,8043,7222,8454,6206,9748,6403,1827
9746,5250,601,3458,2033,7895,8808,8659
7250,1223,7400,3200,9757,1254,5236,844
244,3357,7828,7850,995,2384,6893,2243
506,5019,9018,3988,5510,3178,991,8334
8980,564,6176,4814,6392,4194,9066,9317
5811,4194,7576,6026,9342,610,3486,5535
3243,5181,2599,9385,5962,4077,5178,7181
991,6235,7104,4432,9807,1162,277,1187
1900,4130,9317,1448,6733,6897,9441,807
9595,5728,8533,1942,9557,5315,1429,3392
7067,3705,3815,3105,2460,4723,7587,3212
8751,4771,430,7685,4680,3292,6452,2354
7305,9199,7234,8198,9931,5291,3615,2166
207,7058,8301,6292,3302,2652,1795,9151
9146,3760,1493,1323,1607,4218,1296,2337
176,9232,8211,9357,3944,4606,1640,5939
9146,3028,4217,7497,9984,6231,9819,6609
3611,390,7886,9354,6484,7120,7922,1703
6800,6741,9209,7993,5984,6102,1119,308
285,29,5643,5044,1184,1136,6842,5522
7464,1390,3012,7819,7292,6229,1047,5506
1900,6130,9205,5653,9875,2114,3341,5008
471,1762,9672,5494,3753,9053,2266,6295
4506,1556,7583,7884,5870,8393,2208,8428
6332,593,8169,4337,7553,4501,7385,3782
9543,3741,8957,5512,9443,9259,7406,5378
402,4951,6142,7907,124,5586,4680,9783
1625,2268,8039,6826,43,6509,4747,4904
6317,9611,4919,8434,9247,9736,516,7730
1577,1831,3625,1107,4729,3183,2992,2918
1900,3051,1398,6465,4902,1062,5388,2488
9887,7709,1816,8966,1070,6748,1087,6854
1935,5033,2499,3596,4346,8615,2083,5048
8644,3373,6434,5799,913,9882,3258,5856
5161,7962,9936,6464,9737,6490,9000,1935
3189,8423,3535,9451,4046,6287,8022,2734
7605,9575,4980,2759,19,3995,7293,454
1900,1074,6679,6825,1665,2200,2579,9728
1886,7420,3471,3743,3553,9583,5995,7058
3318,2579,513,9022,6267,5218,3860,2665
9827,4515,8995,4379,1463,2532,5365,7571
9916,8927,8947,8638,4205,1476,2413,3359
2953,25,665,7256,8525,1046,7909,643
3379,1545,7792,4835,6714,3340,5663,577
4690,3020,4117,5696,4997,5326,239,2057
8537,4066,741,5445,7809,2334,2060,9194
1119,5100,5220,9851,2791,2747,6934,3684
9676,9200,6870,7646,9159,6673,7560,6633
8359,8839,1158,1126,9375,4196,6761,1069
6802,5642,3220,6153,6724,6159,7964,7291
2775,2084,5178,839,8105,303,8663,7486
2299,9716,631,8247,9113,4884,2012,6423
7285,4602,6124,29,4373,6264,8392,7741
8105,8838,5141,9092,6399,381,1127,940
4481,1679,9467,8709,2624,3682,2469,675
7330,6825,922,1687,8425,6357,5698,4393
7680,6518,9836,1964,5349,6869,9952,6655
3252,3,9793,2073,7951,6932,4459,9593
1209,5790,7529,2437,488,2708,6648,2566
3769,5465,2627,6442,4373,9586,8195,6955
2328,2651,4844,3533,81,712,8865,2334
9337,2616,7669,5507,9336,4965,5595,5339
1900,9677,2099,7128,5608,3571,5843,715
8506,5808,4180,7317,2811,8236,7548,8546
2982,9200,7503,1956,9578,2312,204,9760
9621,9204,2571,7028,560,8320,2722,4148
6602,9466,4887,6029,7034,8471,2997,6330
5918,8733,1333,6785,6634,2900,2231,4236
2642,9911,2218,4991,4231,4256,4595,6309
5197,4314,9435,9536,3762,2588,3937,2510
1900,1538,4474,6163,3797,8751,9636,3202
7952,692,164,5079,9805,9396,2913,8222
1900,9181,1023,4550,6257,589,2044,8917
6909,1564,5061,7870,9471,9646,6391,822
1900,3964,9489,3716,3759,8220,953,2317
1900,8212,9591,7099,120,27,3764,8985
260,2962,8486,3259,1514,4800,3466,3966
5843,1280,5635,9887,2457,7128,3337,3610
9224,7111,1530,8489,2768,3858,6769,7911
1900,2800,2012,4938,8883,3540,8244,2025
1649,2436,7669,2855,2802,995,5653,2152
8491,3334,8943,8201,7032,8079,9612,9611
7750,6334,6781,3346,6877,3056,5138,119
5310,875,6958,1626,6932,2648,9536,5547
4929,5998,8603,1518,5862,3656,1160,5998
9258,9413,1773,6711,420,6597,8706,8125
7784,7295,7597,4352,1780,6660,2921,7613
2824,4232,7519,2984,2198,6272,2179,5228
8529,8559,6291,525,2568,2764,1224,5969
1485,2891,4965,6017,5930,2171,7975,7723
8506,8535,5960,588,890,9125,1670,1767
1900,8319,1204,3824,4656,1150,7257,3376
1443,1529,2272,509,5111,2874,6147,269
6276,454,9689,2757,2835,8737,9175,3907
5787,4606,1096,3649,7326,3730,828,4849
3687,5345,2748,3843,6716,7149,4481,5423
1900,3934,6695,7228,7152,7495,2148,8733
6079,8298,4451,6559,8397,9452,9547,4453
4752,4469,3011,9439,1920,1262,4309,678
9272,6978,7548,1767,2662,5278,4375,9104
1900,3477,1474,6854,822,4293,5495,1147
2717,8735,8053,9569,7780,5827,5330,4687
8891,6123,6544,7890,4820,5169,7945,3169
1279,1948,8933,5789,5434,8717,3830,6608
4999,1452,3728,9632,5435,7012,9802,9487
188,2686,520,6222,1388,207,4814,4463
1900,3232,6325,6535,3874,7396,919,4065
2533,6247,2559,9787,4332,2042,326,9249
4175,4181,6053,8036,4590,4907,5621,9936
9106,7395,1594,6291,232,1338,2813,6980
6097,5087,7969,6898,9158,5692,2302,6576
4246,1650,7914,8546,5263,8057,6480,9275
9317,192,5579,1670,6866,358,9468,406
3985,1590,741,6496,2563,1059,9484,4460
4713,1670,8680,1458,2686,9199,7083,8644
8994,2381,7314,4758,1748,4144,2655,7386
561,606,4383,8698,4198,6159,4894,3183
1900,2598,5585,1525,1935,5597,1449,1749
1900,9784,4716,1893,1222,3723,9201,4407
3776,1690,6227,8815,4897,5308,9098,7167
706,7511,58,7791,7665,7796,6928,8640
6198,9414,4070,9574,8988,8425,687,6060
5777,7602,666,6879,8843,8627,4683,6752
5780,6360,7582,2821,7055,8716,5325,9895
3286,4469,8164,9593,1554,8606,6923,6125
6624,6880,7583,6270,7779,2058,6250,1131
2533,7200,6557,9007,8107,8230,2980,5400
16,5396,2004,6986,4525,974,3304,1372
6066,6459,6199,7457,7809,1899,6816,4369
9748,4497,2858,7489,6942,8494,1069,6573
1032,7022,8905,138,4249,4350,4060,4876
7284,1601,5691,526,8281,9398,1198,3758
8404,9194,3170,3323,2211,4044,9475,442
6310,4944,8092,5925,3107,9180,4866,4821
9501,6684,3305,3113,7131,5308,1091,135
4390,6982,8346,8941,3698,8782,756,3182
9503,1718,6299,9896,1000,8681,9547,887
110,3780,2665,4097,2100,5534,6139,4596
7998,4514,7328,1682,5050,6785,4514,3320
9767,6807,6781,3642,1881,6486,8948,9852
2491,9114,9047,2700,8007,3299,2237,828
7370,167,8995,4174,2279,69,1650,3209
4341,892,4301,8788,731,360,8991,132
2790,6664,1158,1056,3967,2562,2749,1703
4773,7087,3965,2293,8502,5172,2710,4534
950,2707,7324,3436,5138,993,388,5613
3065,7207,6260,207,4731,442,5397,5162
84,4861,2804,6519,3794,6683,3718,1673
9756,7365,6388,4100,9335,2792,9357,5446
9540,5237,2207,5055,5513,1746,8388,1766
796,2634,8752,5244,6330,9558,2632,1970
5249,9648,4304,2309,8887,7686,6593,6334
5664,1187,1749,8865,770,513,1267,5957
3515,2915,1398,5876,9270,7104,2895,1404
8896,2817,9222,5013,2590,2573,7478,6699
2886,9947,5675,5987,1479,841,9617,1499
8006,7359,8539,3016,4568,507,8334,9807
161,3403,7980,3657,1033,6621,8414,5592
7819,5036,4589,5597,119,5086,2729,4039
3064,7448,8690,8099,5815,9474,7543,1531
1560,2682,3612,7304,8965,3903,6098,5510
4050,6609,3627,5557,5338,5688,2477,1058
2619,4293,2312,1353,2510,9122,1218,6932
7562,5866,9299,5308,6462,8494,854,8134
5842,8290,3646,3053,8928,4254,5972,7926
7476,951,5857,4234,8312,9078,7525,1377
8935,8104,7757,857,2796,6030,2844,1449
7533,7682,3497,5939,3474,9335,8730,9918
4608,998,9807,2104,2089,1894,9329,1694
8353,3159,3123,9741,966,1500,8733,1112
9117,5716,9875,9016,7004,9040,6439,2275
6370,2209,7476,9793,248,488,9161,3809
1900,4277,8218,4584,5296,3957,8811,5802
4927,2926,5043,8902,3787,8732,3580,4690
7234,4578,9213,4832,8898,5310,3516,8946
9399,9212,1096,760,5049,4029,5618,1274
1171,1703,6364,2085,2491,3629,7858,2700
1718,4202,385,468,5780,3027,7526,8581
5641,1223,1851,3981,9067,2201,1269,3335
3711,7295,3194,3108,3191,3447,2224,9187
1900,1494,4975,1531,1676,5978,6898,9142
5764,5490,399,3900,8463,1569,7706,5303
6215,9264,5521,5177,5281,1103,8143,4040
677,3146,8119,5868,5900,2000,3948,7751
9383,7467,833,9333,8341,6009,5470,1130
1746,1389,9250,6720,1200,3406,7037,3936
2800,1563,851,1448,1376,343,4212,3399
4348,2706,845,7558,3547,5500,3793,7004
7099,1736,9395,3204,1189,5168,7893,2082
3219,8639,8271,3434,951,2724,6469,6717
1900,1389,9580,5632,6322,6805,6489,6617
187,8509,8793,4637,6804,8569,4443,656
8657,7190,4543,6175,2315,6330,3704,7122
2430,8931,4052,5062,5351,9706,1111,7587
1900,2063,1487,8696,3579,6293,877,5448
822,9936,1061,7314,9175,9243,5689,7054
3164,8028,893,2973,898,8302,1777,1116
7074,8570,3108,7466,2616,2013,5429,9644
1900,689,4022,9023,9371,968,5633,9819
7084,8041,2138,2962,7552,3064,4028,1442
2125,7798,509,5682,5016,6998,5450,2685
9431,9717,6736,4761,665,1765,3459,3464
9756,1980,3138,211,4327,2806,8331,3585
4529,1614,4984,1694,1954,2590,9012,614
1900,48,1740,7756,2462,4343,4658,6178
542,7389,8549,4708,8720,6783,3091,1152
7254,2827,1078,502,9038,1132,8853,3714
973,9608,1285,2621,5530,960,3413,8408
2009,6296,4562,6933,7182,9431,2027,2722
1900,745,5900,1040,9916,8786,4695,4596
1900,3023,9278,4619,135,1707,3454,3460
7732,8514,9210,911,2382,3185,1352,7556
1900,4988,1025,1948,8600,866,2336,1226
8767,3457,4715,6453,8391,4067,8777,8825
4311,3940,3230,9216,29,5022,1903,2217
8486,3086,993,6509,9858,9053,2848,3178
7612,4677,2285,1483,2851,2885,5220,4437
5948,1588,1676,6957,1533,8160,8726,9440
4910,588,1973,5152,4511,4368,4115,7912
8626,8793,8376,9260,9457,1247,1926,9442
9663,481,4741,5880,9197,2512,5816,275
6538,3859,7675,5604,6655,6265,2006,6840
6694,8678,7533,3060,8345,5017,6960,2305
872,2081,2175,403,4744,4672,1332,1258
7416,2034,3229,7741,1830,8674,9118,8849
9605,5504,3918,3385,6910,3455,35,815
6392,4733,188,4797,6680,7645,6839,9773
1942,1595,3174,7378,1382,4619,5537,2383
1164,7739,9781,9557,6361,1488,9032,3436
6684,9609,7247,8861,8747,163,9898,3497
8449,9821,5380,5055,2818,6432,42,8098
5047,3831,2082,3253,9604,8449,60,4663
9816,3424,3393,2785,7113,8184,3484,4679
958,4111,5767,5914,6540,9780,8078,3513
3305,4961,5500,2809,4533,1951,3661,2916
9438,2622,7451,602,7281,9797,1672,4830
1900,8832,2717,8963,6998,5789,5032,9704
9627,2796,4748,4718,7942,753,5022,56
921,6923,1958,817,4436,4016,7199,3857
7315,9095,7598,167,3509,3336,9764,9709
1725,3753,4538,2352,8300,9711,4339,7304
6378,8197,3270,8070,6836,6167,4629,3100
3519,2211,7801,2524,5444,7177,5635,1121
5606,1360,6832,7443,5743,8680,8634,4176
1488,3637,3254,3406,9369,7305,1669,3989
524,3282,8369,3524,8177,3704,5477,8272
8194,1106,4535,7288,1663,3813,574,7899
8657,6309,3991,434,6082,2124,1148,6424
4382,7710,1342,5877,4939,7133,2388,3824
7888,5471,5646,9622,4520,8808,6761,1068
5727,3378,6896,1146,1486,619,9847,2524
4504,6640,4242,3830,9875,8039,4343,4304
5490,1486,7917,8444,8870,3580,8743,4225
4658,118,8591,2822,5789,3707,2871,8576
9431,1492,6976,8723,4209,9219,4859,3072
7537,367,2543,2111,9263,9980,6572,1471
11,1109,4925,5963,7255,6858,2412,5727
773,8413,4916,113,3000,5968,4543,1447
4393,1796,269,557,6014,9264,9853,6951
1900,1109,7726,3177,9738,8944,4260,6118
3466,3303,623,8024,8124,5899,1159,6864
2953,3339,9565,6325,6071,6572,8196,8528
663,7692,7528,4826,6636,9114,6410,3505
9874,7615,5500,2904,7675,7182,5629,6596
2004,4864,401,9371,6126,4887,4235,9913
6869,4288,3550,8717,1195,1282,300,7924
30,6280,6624,1560,5049,5569,4681,8555
4663,965,6491,6565,7040,6951,3147,1782
5916,5407,5905,9933,9878,5965,5453,3434
4196,3178,1973,851,7683,4919,7782,1933
2206,3713,3062,521,1699,8244,8916,1834
5513,2205,1805,6644,7079,4260,6422,9493
9827,4444,2953,2458,1652,1292,9032,9578
9871,9466,9452,4134,9649,3206,2436,2388
9507,2404,7111,4916,4848,6591,2472,2954
361,4012,4282,4682,5234,2443,9045,4694
662,6736,5734,552,7585,8299,8322,8605
3707,626,295,1512,736,2118,7231,9865
3918,4548,8966,6328,9419,5897,3245,9401
1859,4343,589,2546,6757,8347,8069,1239
9962,5979,6946,6397,6974,237,839,7308
1900,8624,6474,3265,6708,8238,6069,6808
3181,8572,2232,3796,2895,2116,54,7539
722,9157,7927,7109,257,7791,5858,9230
4850,3474,5228,6869,90,1610,6238,6369
5549,690,5834,3781,4573,5442,1791,7636
6889,7055,1613,3819,5995,6729,39,5155
4141,8679,8162,8117,1939,902,8379,4950
2854,2119,8399,7134,7671,6865,3878,4398
3194,6984,1452,7426,3744,6775,1686,2659
7047,8833,827,5338,1082,1992,4519,3998
6710,5356,6460,5145,3223,5586,7447,5239
1900,2159,2586,4512,8289,4327,4212,6361
4429,6412,6708,8789,6345,1039,1557,988
9980,7814,9483,9304,626,3423,6996,6752
9487,7450,9739,2236,4950,7642,3285,3511
8348,9786,5223,6439,6020,4590,4191,7086
6254,3161,4214,6911,7852,4453,8140,3949
8248,5928,9435,9352,9714,5685,1597,5973
5585,9456,8544,299,2547,5810,4640,4228
758,5594,3180,4629,7260,2115,6694,4448
9692,7072,4666,9066,2952,3344,7135,6022
4800,8890,5068,5413,7336,9547,7467,9314
5884,718,3498,7881,3014,1713,555,5094
5906,471,6482,1553,1771,4437,1911,4659
5069,3389,3403,4056,5008,2693,377,4096
1461,5347,2237,1113,5985,7921,2492,2227
8729,5192,8331,4895,8531,1464,1642,1770
956,6986,2760,4921,5434,7807,6852,2241
2014,5440,7379,1554,8630,3499,2768,9306
9429,2407,6336,7138,1730,8111,5368,1447
7640,9361,1809,191,6170,8852,202,6702
5011,349,4006,9930,6432,7287,2542,9047
2198,1227,584,3033,8599,27,6116,2200
2587,5810,6562,1148,1071,8595,507,1433
4900,5233,4532,8192,6372,7183,9261,3084
6261,4094,3410,3160,3790,7816,4449,4342
1908,5867,6753,7174,1050,4770,1200,2960
5803,1474,9394,9793,6043,6442,720,330
9475,7161,8629,7690,2668,7501,871,5156
666,5451,167,5098,2677,2444,3239,6278
9511,7171,9520,4105,5142,3321,9215,7579
8643,6028,8004,5477,6451,6347,7060,8842
3310,5440,6157,9354,8607,1076,7750,522
1215,8447,6166,5514,7164,9211,1027,3044
1900,1111,2629,905,5155,8559,858,6116
9301,1930,2338,5674,1598,5717,4283,1932
4414,7620,8973,389,5147,9140,4031,7202
5336,4766,799,418,1861,2682,4005,6354
7452,7189,1420,3630,4636,4165,8026,8883
2988,4773,5679,7895,2151,7432,9186,4367
9488,8484,2588,2629,1136,6565,9914,6201
7984,6945,9022,4285,7706,8912,8431,1784
5379,8843,7813,3715,3572,7129,5692,1219
8972,4042,4888,8778,2391,3320,9580,9708
7943,1361,8633,5998,9123,3156,9838,4044
1900,1934,56,5321,7662,950,926,4506
1900,8347,5595,9602,9068,9664,9524,7075
4757,7670,883,7038,709,9636,9725,2179
7099,6292,1007,2139,2977,6724,1785,2581
8053,2840,483,2253,7154,8787,9288,3347
6375,4368,2780,4029,4646,4361,8558,691
9601,7755,1545,8992,4180,6332,1185,3782
9520,875,2141,8310,8979,1517,7247,6730
6261,5877,6074,1409,6592,7623,3002,253
7184,3034,5430,4115,6181,2195,655,5440
5713,6551,9911,4950,5759,3708,3801,7757
5884,5194,3154,1812,618,7712,8667,569
5465,7695,8266,5459,4816,9210,3612,2415
14,138,8009,413,9795,766,4442,8260
8297,9661,2726,2881,715,9596,2587,3618
1900,825,4774,2078,86,6325,1658,4491
7856,8636,7213,5443,8868,2137,2297,7690
7912,6465,8972,6259,2557,6212,2398,4496
4169,3094,8112,1429,168,4197,130,977
1900,8708,1834,2734,7727,4667,9727,1780
6050,2277,8394,832,2416,1887,6357,170
1900,4988,4389,8967,1769,3329,259,1160
8187,3688,9247,3988,3448,6177,688,3773
2291,1666,9803,1742,4749,5447,5491,6999
1752,7221,3166,6926,8440,8644,7642,340
6111,2523,6613,3511,2289,3693,928,431
6594,330,2597,3153,4781,9693,5203,9402
9821,4838,373,891,8619,8824,1806,8556
5189,6926,8478,3050,3985,2119,6617,9570
536,1912,6224,2664,4248,6975,646,3752
87,491,2210,4670,6867,971,8131,5774
9737,9843,1476,7823,6701,682,9346,7857
4220,6067,5308,6905,7710,3947,9159,7364
1900,7119,2360,5467,6155,7013,748,3901
1900,1495,1775,868,7107,8753,6901,4951
22,1064,4954,455,6616,3653,1469,7980
4979,576,1232,5099,3808,2494,8092,3991
5742,2187,5312,5117,1752,6065,8669,2015
4886,3223,883,5900,9405,7163,6429,4956
963,610,4477,8668,5404,7491,2333,2071
7216,5427,4918,3283,6693,192,4547,9355
5691,888,3912,3927,171,7050,9218,2636
129,6744,5581,9388,5443,6237,7934,3926
6380,9174,4385,4366,8539,1207,8096,1845
3926,8674,9691,883,8037,1712,6447,2672
5504,1581,1432,3140,6583,676,2028,5933
128,8199,5700,3062,5988,5441,5490,7051
1394,8797,6748,8836,3639,4237,2719,1404
7477,1613,3504,7760,3541,7396,8147,1509
1900,4714,2603,3733,9171,8076,3958,1560
3069,6461,9553,8229,2371,6584,2464,4439
9576,8868,2551,3382,5187,3972,5237,9841
4872,662,5292,9963,1905,1909,8400,1559
3475,8818,5307,9920,4085,2330,4046,3759
3548,6682,3026,1581,5638,8042,6081,8266
3626,2340,2007,5690,6616,5694,165,8141
7156,5706,9466,5009,1282,1783,5748,1966
2272,2654,223,5383,8324,816,8320,6211
6805,849,8912,5581,9498,7907,1036,618
4500,1567,5298,4263,1232,6685,9204,138
7796,3068,5072,555,1143,1792,8829,9232
7131,4674,8254,9005,5462,7828,2780,404
5750,7062,640,9974,1449,5846,2358,9663
6104,504,8086,8820,2619,3669,7613,1089
5388,5622,9919,4474,7882,76,6621,4202
6483,468,7752,7782,9552,9206,318,5134
7618,4328,9740,3820,6917,3165,1573,2645
4235,9784,6435,9214,3067,577,1938,3567
2340,2666,3559,5193,7050,6225,4523,857
5101,7489,6974,7404,3406,6625,5046,1797
6738,6097,5856,9680,9011,7375,1576,5506
1900,1193,3062,5943,428,3078,1253,3444
3303,3866,2995,2658,3400,6114,5040,5011
2088,3072,6367,2963,1547,2200,7711,3394
1900,3579,9035,7063,4346,3785,3985,732
2766,3444,9354,7165,3488,8744,7663,8417
6440,2593,9234,9532,8074,9159,8040,1172
8715,3054,4437,58,7433,929,6152,2773
6291,7284,5460,7108,7914,3838,997,9958
1900,4868,8409,4430,4555,671,5487,9176
4822,5413,3990,5926,7564,9432,9082,7262
5571,6418,1976,1415,1044,4440,3622,1681
1900,963,5185,3988,847,4224,3881,2102
5735,1275,1146,2791,50,7103,1346,9541
2868,4700,5029,1642,8840,7890,3864,7336
667,3842,5400,1520,4316,5078,2902,3628
3083,4685,2568,3291,8048,491,7699,8441
1900,9307,5082,5285,1619,9535,7332,4010
15,8759,1557,1803,3029,3561,4275,989
9230,4974,5205,8172,2267,7917,2579,5193
6481,6398,1905,5485,2275,9044,2968,347
1900,1479,6172,4483,5058,7552,403,163
1900,1596,1285,1433,1752,4551,4833,6942
4439,2395,6029,6738,2454,8512,1621,5957
6517,5923,3321,5207,4379,6542,6694,6209
5908,1770,393,8261,7970,7817,1142,4807
259,3959,8444,8324,8889,9808,4323,7118
1900,614,8582,1297,4198,7799,7383,6292
6011,6120,6393,2480,7051,3010,9031,2529
5095,8270,6579,7207,2590,5618,2707,5371
8072,3857,8587,1234,5761,2934,8177,9818
8259,2565,2340,6475,1904,7845,4935,8020
6721,7024,9748,1384,7849,2094,5575,4460
9885,3182,6485,4460,4622,3401,9594,191
7349,4161,1970,6000,9897,4715,8716,8039
8044,4969,5793,1409,3902,4541,3574,1484
667,3067,4858,7674,7172,2753,2235,4908
6202,3767,1483,1320,7456,812,5753,5495
7374,9779,468,3073,250,5302,1476,5959
4153,6675,9067,5209,6512,823,7574,3477
1064,1634,4027,1068,4950,1675,2492,4513
1349,2613,2286,7474,1945,690,1152,6402
2743,4211,3356,8252,3528,7253,5285,768
4864,1581,1354,5161,2709,4422,420,5967
2111,4015,989,2704,5758,2641,3799,6345
6410,4978,1380,4786,7360,4228,7002,3521
3342,5282,1957,6949,2029,4959,9858,448
6605,5831,7225,3357,9378,288,8029,2451
5075,4710,9250,6627,3469,2827,3759,834
7714,2528,5274,2605,362,8896,6418,7328
9480,9603,878,2434,1991,2773,716,5561
7117,9608,1259,8731,9575,8507,501,556
2661,3004,8925,3602,5728,5570,3096,8253
8303,7475,2691,2914,4752,6020,4759,4408
6925,4551,9355,1965,8069,1968,1005,920
7711,8383,6874,2647,9586,5483,3401,3396
7469,1271,5482,8095,2203,2232,4734,5152
9974,3871,2826,8203,3245,8029,1411,463
3828,6801,1612,7833,75,8827,4547,5886
1900,6774,8541,4817,8170,8283,5890,5408
1119,9274,569,9931,6821,1466,3082,3516
7552,351,4453,4258,4546,6382,1055,91
5490,5452,6334,3485,8187,92,9882,702
1900,6348,1763,5051,9887,3460,4666,635
2024,8518,1934,3589,8780,6680,5194,8014
2578,4228,5628,9424,7544,2853,2626,2049
5655,9767,8840,7239,9491,8435,4005,622
1513,6976,8718,7310,6643,8546,8232,465
1900,8579,1253,2561,9426,7658,4638,5345
6233,947,2933,9460,1240,1112,9603,7734
891,4583,2464,4194,7313,3512,8692,5564
4453,3231,244,4332,7683,7753,5400,1278
2608,5733,38,8398,7280,8427,3191,2517
8064,5311,5868,3622,8029,5216,4214,5074
2261,8284,4468,176,8207,2748,9572,8196
9704,9146,5748,3021,4156,8947,5406,7545
5744,244,9302,6331,1762,7912,6351,3037
4420,9488,3130,5965,9313,4547,9375,8890
5212,3072,1870,1965,189,8722,1178,6702
5383,252,2953,7236,7877,1726,3503,8054
1099,5062,1089,1708,2353,2108,4116,5396
3622,3676,4551,6070,7491,2720,2907,8764
9479,1439,878,8194,6763,6947,8965,4010
5729,4148,5032,6039,9571,5551,5697,6940
5205,8275,3886,7395,836,5964,3582,525
8277,7256,4676,2357,6438,8913,3869,8346
6257,8744,5106,2533,4389,2123,1041,729
561,2039,2573,1019,7435,3159,2402,8659
1900,2938,2959,4873,3263,5651,3185,3530
6040,7970,6727,5472,8913,6544,1385,5052
5819,2433,239,7451,877,7542,3795,37
4957,7098,4925,8660,2300,6863,2554,315
4316,5143,9389,7178,1632,9944,8521,3929
4915,6926,2549,7806,6638,5960,2651,2506
3273,4699,3622,8057,9395,862,4165,1198
5826,2209,5708,7480,1157,2177,4497,7381
8969,2787,5424,387,6110,5209,7299,9877
5802,8997,7536,1916,8,8732,5029,2322
4261,4184,961,4317,4894,2110,397,5081
9746,3199,483,7534,7981,3610,8825,8559
1900,7755,7360,8408,7883,3765,9032,9174
3493,1206,4704,307,5343,6649,6932,5101
1718,3270,5843,1741,6205,327,3657,9104
1900,2622,9834,7075,7396,2893,6034,5029
8115,2112,697,9424,5942,199,4839,787
1900,4449,602,7761,991,6900,6531,5897
4109,5248,5265,6071,6418,3678,1757,2144
394,1275,1874,6424,8238,4549,2818,9473
5841,8973,5685,7995,8735,8567,5591,5477
2039,1667,3255,2347,5224,8500,9717,8338
1900,6360,2334,6774,6645,44,3877,5421
9164,7172,4404,7431,7592,4613,9019,6865
8245,4616,7497,2921,2453,942,5138,574
2140,5249,671,9113,6065,4945,1429,466
2997,7896,8446,5741,6454,9282,3852,5571
3853,4781,2539,3926,8514,6363,7189,2797
2644,553,6243,6672,558,618,4562,4418
8155,1548,4104,9592,481,868,5949,5867
4037,3236,778,3496,7859,8496,4130,6936
8667,9336,2818,4267,2962,7916,1779,367
3351,7548,8838,9459,7080,3282,3545,7691
1756,9095,5531,1393,8832,8280,3573,3050
1900,4036,2383,2873,566,9450,8363,7097
5652,8623,4937,9260,2150,9036,8306,6800
8869,9713,3338,7783,6222,9273,571,3958
1900,5628,182,9811,9541,213,5099,5795
8877,7617,8352,5975,7239,1368,8894,5515
3170,5460,6956,2994,5639,5137,1846,5352
2654,7534,205,7395,4349,4457,778,4826
8822,9684,5868,5741,4607,3804,4376,5404
1900,6419,1688,3252,3435,7337,2849,3807
1137,5779,4598,4777,9382,8335,931,7302
9189,617,2488,874,543,4508,380,7262
7151,4525,9653,8269,1297,3190,4900,7682
1900,7496,818,1409,2632,4660,5758,9515
5753,476,6226,6778,1833,6087,1941,1134
1512,8498,2238,663,8203,7650,6015,8176
943,7243,9643,3893,2584,2559,4384,8503
7255,7450,3561,7825,6670,3141,3172,2463
6358,8503,2689,767,3268,935,5011,3220
1900,9026,8354,5711,9102,2386,7917,6335
5432,5079,5800,2975,7487,5107,2511,3825
1146,7929,9286,3197,3210,3759,782,9569
3474,187,7127,4015,3653,1168,3718,7183
4837,7275,2995,9737,8707,6785,8398,5048
966,2114,9170,8150,8508,7126,8968,7513
9757,4452,382,9417,2190,9170,2528,7663
2233,496,4566,3896,2540,8332,7909,8684
1345,2409,6721,4738,7587,293,5323,1892
91,1300,8942,8558,3037,985,9656,7068
9724,2361,8094,5231,8334,2568,1958,9347
7802,1301,513,9398,4647,1383,1028,5725
3042,3653,358,9596,6479,4396,7438,7068
1277,2270,5954,5936,1925,2361,8157,7631
1900,7184,5582,2567,1800,3964,3593,8085
8677,3428,4927,1069,9209,5049,1602,5438
7773,8812,75,4291,7527,5477,5028,9801
4758,3145,781,8256,8552,9660,3949,9768
9040,1967,5281,1068,7089,6509,8408,1301
730,6897,1632,6216,3325,5714,3653,460
1759,7231,4265,8043,2171,5408,5421,3943
3660,7899,1917,8243,813,2186,9339,4827
2650,1638,1864,6403,7688,269,7667,3122
9126,6361,6725,317,9074,2831,5061,5981
8062,7187,2019,280,7520,8972,2906,1660
2126,3372,2743,2361,4577,9050,2689,9171
7558,2739,8192,6357,4506,9518,9356,5282
1662,1582,7969,4643,5726,2073,9114,2116
505,7858,1171,4073,7687,6076,3122,7648
6306,8668,9670,950,1916,6038,5887,3966
7864,1130,7248,1340,2694,954,1987,4523
9449,730,1644,5395,326,1596,8340,8585
8672,7178,3849,1477,608,1541,7035,4858
7624,486,5332,4173,78,8959,9733,4067
9361,894,6506,9657,9347,1117,9088,6574
1900,8565,4916,905,7276,5603,8084,5797
8720,9835,849,9333,4703,4488,4531,530
6247,2803,4935,2155,3152,8983,7014,2042
2086,312,9158,6187,6209,3664,6851,8342
7803,1738,5658,7349,3724,3899,5702,1114
1557,8648,6499,9782,5634,6314,7158,716
6314,5942,3100,3376,2608,7308,2882,6482
9307,1021,609,9189,635,3312,5901,9157
9729,5470,8479,7628,4342,8048,987,7205
2069,4308,9905,1186,361,7464,9149,994
6922,8471,1665,354,8614,558,469,9328
2155,5312,8843,784,9555,9300,6116,9422
3631,9359,7742,4029,9126,3854,8336,7040
3789,2658,9565,6586,6880,3292,6069,3304
1900,6553,8916,3234,5423,2352,6719,9405
9068,1633,7498,2230,3211,2254,2330,3573
4213,2624,456,1935,5967,6300,4279,9097
5864,4242,4598,4569,2438,529,8821,9111
2423,8646,4404,4623,8203,8231,6659,8662
539,2791,3100,8687,4244,7674,5126,241
2351,8786,1320,7708,8714,1067,1597,3518
3170,3771,8176,8686,5647,8083,4753,6654
8977,1170,420,881,312,3365,9685,5277
6843,2014,4103,35,7400,7737,3835,7850
5044,8895,947,9521,8400,7561,5324,8647
5092,9438,3237,1471,3561,7182,7200,9845
6189,6808,5822,2568,353,2368,1095,9433
8518,31,8363,1467,7564,4324,1111,8301
9118,728,1799,6517,3342,5902,9401,3179
167,7431,5323,4267,160,3715,5747,4061
7212,4588,8962,6887,2349,9188,7260,9627
1900,4809,6007,1700,2690,656,2358,4290
8202,8051,2634,7708,7752,7016,7815,3771
6971,7340,7006,5561,4200,6245,2568,8112
1330,7318,7111,5229,1790,526,34,5771
6032,3233,1345,3122,2427,4318,4934,6448
8474,6316,3239,5274,822,4560,6869,6599
1900,3648,4653,3109,3247,3722,3445,5169
1900,5800,854,626,6569,4141,1087,5566
